block,komponente,position,delta_sprachsignal
10,mlp,0,1.7764
10,mlp,1,0.2963
10,mlp,2,1.1129
10,mlp,3,0.2802
10,mlp,4,-0.1675
10,mlp,5,0.3908
10,mlp,6,0.6835
10,mlp,7,0.6456
10,mlp,8,-0.717
10,mlp,9,0.4641
10,mlp,10,0.1612
10,mlp,11,-0.5357
10,mlp,12,0.2688
10,mlp,13,-0.0287
10,mlp,14,-0.2191
10,mlp,15,0.1084
10,mlp,16,0.0174
10,mlp,17,0.0355
10,mlp,18,-0.0591
10,mlp,19,-0.4657
10,mlp,20,0.0879
10,mlp,21,-0.842
10,mlp,22,-0.0954
10,mlp,23,-0.0258
10,mlp,24,0.2366
10,mlp,25,-0.2445
10,mlp,26,-0.3398
10,mlp,27,0.0089
10,mlp,28,-0.3722
10,mlp,29,-0.0046
10,mlp,30,0.1065
10,mlp,31,-0.1143
10,mlp,32,0.5898
10,mlp,33,-0.2454
10,mlp,34,-0.1853
10,mlp,35,0.3283
10,mlp,36,0.1372
10,mlp,37,-0.0967
10,mlp,38,0.1602
10,mlp,39,-0.6593
10,mlp,40,-0.3291
10,mlp,41,-0.2931
10,mlp,42,-0.289
10,mlp,43,-0.0712
10,mlp,44,0.1252
10,mlp,45,-0.1197
10,mlp,46,-0.4407
10,mlp,47,-0.1359
10,mlp,48,0.181
10,mlp,49,0.341
10,mlp,50,0.3506
10,mlp,51,0.476
10,mlp,52,-0.0603
10,mlp,53,0.0659
10,mlp,54,0.1703
10,mlp,55,-0.2975
10,mlp,56,-0.0372
10,mlp,57,0.1667
10,mlp,58,0.307
10,mlp,59,0.1915
10,mlp,60,-0.8161
10,mlp,61,0.0282
10,mlp,62,-0.7822
10,mlp,63,0.0182
10,mlp,64,-0.946
10,mlp,65,-0.2635
10,mlp,66,0.7207
10,mlp,67,-0.3912
10,mlp,68,-0.6537
10,mlp,69,-0.2821
10,mlp,70,0.4067
10,mlp,71,-0.1997
10,mlp,72,-0.6759
10,mlp,73,-0.0457
10,mlp,74,0.3005
10,mlp,75,-0.7711
10,mlp,76,0.0117
10,mlp,77,0.9029
10,mlp,78,-0.497
10,mlp,79,0.1876
10,mlp,80,0.6462
10,mlp,81,0.0217
10,mlp,82,0.1016
10,mlp,83,-0.1996
10,mlp,84,0.1045
10,mlp,85,0.1515
10,mlp,86,0.4321
10,mlp,87,0.4756
10,mlp,88,-0.4136
10,mlp,89,0.1649
10,mlp,90,-0.1173
10,mlp,91,0.0821
10,mlp,92,0.1374
10,mlp,93,-0.417
10,mlp,94,0.0891
10,mlp,95,-0.4966
10,mlp,96,0.0004
10,mlp,97,-0.2128
10,mlp,98,-0.1864
10,mlp,99,0.4353
10,mlp,100,0.096
10,mlp,101,-0.035
10,mlp,102,-0.058
10,mlp,103,0.3583
10,mlp,104,0.4601
10,mlp,105,-0.0861
10,mlp,106,0.1523
10,mlp,107,-0.6673
10,mlp,108,0.4716
10,mlp,109,-0.246
10,mlp,110,-0.1016
10,mlp,111,-0.0607
10,mlp,112,0.0994
10,mlp,113,0.058
10,mlp,114,-0.4432
10,mlp,115,-0.1273
10,mlp,116,0.3576
10,mlp,117,0.1866
10,mlp,118,-0.2392
10,mlp,119,-0.0156
10,mlp,120,0.1704
10,mlp,121,-0.0664
10,mlp,122,-0.3261
10,mlp,123,0.0264
10,mlp,124,0.478
10,mlp,125,-0.058
10,mlp,126,-0.24
10,mlp,127,0.2121
10,mlp,128,1.0305
10,mlp,129,0.2009
10,mlp,130,-0.1775
10,mlp,131,0.1829
10,mlp,132,0.008
10,mlp,133,-0.314
10,mlp,134,-0.0931
10,mlp,135,-0.0287
10,mlp,136,-0.2614
10,mlp,137,-0.5666
10,mlp,138,-0.1341
10,mlp,139,0.4524
10,mlp,140,0.4646
10,mlp,141,0.0045
10,mlp,142,0.0016
10,mlp,143,0.1241
10,mlp,144,-0.0782
10,mlp,145,-0.0668
10,mlp,146,-0.2551
10,mlp,147,0.2344
10,mlp,148,0.4072
10,mlp,149,-0.2052
10,mlp,150,0.2525
10,mlp,151,0.2356
10,mlp,152,0.8228
10,mlp,153,0.0547
10,mlp,154,0.3156
10,mlp,155,0.066
10,mlp,156,-0.1127
10,mlp,157,-0.6774
10,mlp,158,-0.2421
10,mlp,159,0.0566
10,mlp,160,-0.8366
10,mlp,161,-0.6462
10,mlp,162,-0.4914
10,mlp,163,0.5861
10,mlp,164,-0.2224
10,mlp,165,0.4708
10,mlp,166,-0.0257
10,mlp,167,0.1404
10,mlp,168,0.1277
10,mlp,169,0.5294
10,mlp,170,-0.1421
10,mlp,171,0.1457
10,mlp,172,-0.8255
10,mlp,173,-0.5296
10,mlp,174,-0.1646
10,mlp,175,-0.6657
10,mlp,176,-0.1697
10,mlp,177,0.0053
10,mlp,178,0.054
10,mlp,179,0.3084
10,mlp,180,-0.2832
10,mlp,181,-0.3298
10,mlp,182,-0.3247
10,mlp,183,0.2571
10,mlp,184,0.7924
10,mlp,185,-0.4733
10,mlp,186,-0.1974
10,mlp,187,-0.7127
10,mlp,188,-0.0894
10,mlp,189,-0.2605
10,mlp,190,0.198
10,mlp,191,-0.1094
10,mlp,192,-0.1057
10,mlp,193,1.5959
10,mlp,194,-0.7114
10,mlp,195,0.1786
10,mlp,196,0.9759
10,mlp,197,-0.1088
10,mlp,198,0.7831
10,mlp,199,-0.1385
10,mlp,200,1.338
10,mlp,201,0.2407
10,mlp,202,-0.0309
10,mlp,203,0.0429
10,mlp,204,0.3606
10,mlp,205,-0.0713
10,mlp,206,0.178
10,mlp,207,-0.9972
10,mlp,208,0.4565
10,mlp,209,-0.354
10,mlp,210,-0.2858
10,mlp,211,-0.0381
10,mlp,212,-0.0299
10,mlp,213,-0.0308
10,mlp,214,-0.019
10,mlp,215,0.149
10,mlp,216,-0.5888
10,mlp,217,-0.5548
10,mlp,218,0.6672
10,mlp,219,0.14
10,mlp,220,0.135
10,mlp,221,-0.3737
10,mlp,222,0.5972
10,mlp,223,0.4597
10,mlp,224,-0.0456
10,mlp,225,-0.196
10,mlp,226,-0.0662
10,mlp,227,-0.9906
10,mlp,228,0.1839
10,mlp,229,-0.1046
10,mlp,230,-0.7636
10,mlp,231,-0.406
10,mlp,232,0.3715
10,mlp,233,-0.0938
10,mlp,234,-0.0054
10,mlp,235,-0.4392
10,mlp,236,-0.0267
10,mlp,237,-0.306
10,mlp,238,0.325
10,mlp,239,-0.4348
10,mlp,240,1.109
10,mlp,241,-0.3267
10,mlp,242,0.5847
10,mlp,243,0.1369
10,mlp,244,0.5711
10,mlp,245,-0.3194
10,mlp,246,-0.0351
10,mlp,247,0.5
10,mlp,248,0.0029
10,mlp,249,-1.6917
10,mlp,250,-0.5247
10,mlp,251,-0.1543
10,mlp,252,-0.1786
10,mlp,253,-0.0032
10,mlp,254,-0.1241
10,mlp,255,0.5002
10,mlp,256,0.7848
10,mlp,257,0.1244
10,mlp,258,0.1572
10,mlp,259,-0.4482
10,mlp,260,0.3476
10,mlp,261,-0.0393
10,mlp,262,-0.3942
10,mlp,263,-0.1506
10,mlp,264,0.6326
10,mlp,265,1.5761
10,mlp,266,0.5991
10,mlp,267,0.1973
10,mlp,268,0.0628
10,mlp,269,-0.2996
10,mlp,270,0.189
10,mlp,271,-0.0677
10,mlp,272,0.122
10,mlp,273,0.1355
10,mlp,274,0.3627
10,mlp,275,0.4898
10,mlp,276,0.1756
10,mlp,277,-0.1889
10,mlp,278,0.2252
10,mlp,279,0.6407
10,mlp,280,-0.5588
10,mlp,281,-0.008
10,mlp,282,0.5381
10,mlp,283,0.5932
10,mlp,284,0.4
10,mlp,285,0.2576
10,mlp,286,0.2833
10,mlp,287,0.338
10,mlp,288,-0.78
10,mlp,289,0.2466
10,mlp,290,0.6203
10,mlp,291,-0.2712
10,mlp,292,0.1344
10,mlp,293,0.1061
10,mlp,294,-0.2701
10,mlp,295,-0.2971
10,mlp,296,-0.5989
10,mlp,297,-0.7268
10,mlp,298,-0.1254
10,mlp,299,-0.354
10,mlp,300,-0.2661
10,mlp,301,0.4747
10,mlp,302,-0.2558
10,mlp,303,-0.1297
10,mlp,304,-0.1369
10,mlp,305,-0.1481
10,mlp,306,-0.1099
10,mlp,307,0.2799
10,mlp,308,0.3852
10,mlp,309,0.4773
10,mlp,310,0.9654
10,mlp,311,0.9522
10,mlp,312,-0.1351
10,mlp,313,-0.1158
10,mlp,314,0.1463
10,mlp,315,-0.4502
10,mlp,316,0.3371
10,mlp,317,-0.5562
10,mlp,318,0.7491
10,mlp,319,-0.4593
10,mlp,320,0.5458
10,mlp,321,0.9768
10,mlp,322,-0.2651
10,mlp,323,0.8721
10,attn,0,-0.0078
10,attn,1,-0.3102
10,attn,2,-0.1536
10,attn,3,-0.08
10,attn,4,-0.1194
10,attn,5,-0.6302
10,attn,6,-0.2317
10,attn,7,-0.7462
10,attn,8,-0.0669
10,attn,9,0.1469
10,attn,10,0.1403
10,attn,11,0.0997
10,attn,12,-0.0096
10,attn,13,-0.0023
10,attn,14,0.0496
10,attn,15,-0.3223
10,attn,16,-0.1244
10,attn,17,0.1658
10,attn,18,0.0221
10,attn,19,-0.4819
10,attn,20,-0.2146
10,attn,21,-0.0081
10,attn,22,0.1153
10,attn,23,0.0607
10,attn,24,0.1082
10,attn,25,-0.2328
10,attn,26,-0.124
10,attn,27,-0.2586
10,attn,28,-0.4496
10,attn,29,0.0489
10,attn,30,-0.0022
10,attn,31,-0.2055
10,attn,32,-0.1695
10,attn,33,0.1514
10,attn,34,-0.1435
10,attn,35,-0.2466
10,attn,36,0.0623
10,attn,37,0.0002
10,attn,38,0.0921
10,attn,39,-0.3019
10,attn,40,-0.0117
10,attn,41,0.0651
10,attn,42,-0.5392
10,attn,43,-0.1192
10,attn,44,-0.1058
10,attn,45,-0.2642
10,attn,46,-0.1319
10,attn,47,-0.1089
10,attn,48,0.1229
10,attn,49,-0.1047
10,attn,50,0.0156
10,attn,51,0.319
10,attn,52,0.1815
10,attn,53,0.1443
10,attn,54,0.4134
10,attn,55,-0.162
10,attn,56,-0.1809
10,attn,57,0.4613
10,attn,58,0.1093
10,attn,59,0.6259
10,attn,60,-0.2093
10,attn,61,-0.0044
10,attn,62,-0.0099
10,attn,63,0.0098
10,attn,64,0.046
10,attn,65,0.0169
10,attn,66,0.0029
10,attn,67,0.3567
10,attn,68,-0.1484
10,attn,69,-0.2581
10,attn,70,0.0861
10,attn,71,-0.2708
10,attn,72,-0.5259
10,attn,73,-0.0408
10,attn,74,0.5253
10,attn,75,-0.0707
10,attn,76,-0.0244
10,attn,77,0.2442
10,attn,78,0.0285
10,attn,79,-0.1571
10,attn,80,-0.132
10,attn,81,0.1202
10,attn,82,0.3282
10,attn,83,-0.1359
10,attn,84,0.0337
10,attn,85,-0.1386
10,attn,86,0.1045
10,attn,87,-0.2277
10,attn,88,0.2367
10,attn,89,-0.0239
10,attn,90,-0.2116
10,attn,91,-0.1574
10,attn,92,0.0037
10,attn,93,0.2586
10,attn,94,-0.0476
10,attn,95,0.7218
10,attn,96,0.0557
10,attn,97,-0.3232
10,attn,98,-0.4411
10,attn,99,0.0545
10,attn,100,-0.29
10,attn,101,0.0221
10,attn,102,0.0356
10,attn,103,-0.1303
10,attn,104,-0.0798
10,attn,105,0.1018
10,attn,106,0.0884
10,attn,107,-0.0933
10,attn,108,-0.3253
10,attn,109,0.0437
10,attn,110,-0.4148
10,attn,111,0.2161
10,attn,112,0.1161
10,attn,113,-0.2081
10,attn,114,0.2653
10,attn,115,0.0157
10,attn,116,-0.0066
10,attn,117,0.0184
10,attn,118,-0.1777
10,attn,119,-0.0329
10,attn,120,-0.1405
10,attn,121,-0.0564
10,attn,122,-0.1773
10,attn,123,-0.282
10,attn,124,-0.3246
10,attn,125,-0.2924
10,attn,126,0.2995
10,attn,127,-0.4148
10,attn,128,0.0202
10,attn,129,-0.7635
10,attn,130,-0.0883
10,attn,131,0.514
10,attn,132,-0.0206
10,attn,133,-0.4151
10,attn,134,-0.1722
10,attn,135,-0.2117
10,attn,136,0.3707
10,attn,137,0.1281
10,attn,138,-0.0943
10,attn,139,-0.4468
10,attn,140,-0.0014
10,attn,141,-0.1699
10,attn,142,-0.2217
10,attn,143,-0.0459
10,attn,144,-0.22
10,attn,145,0.0934
10,attn,146,-0.1584
10,attn,147,-0.4163
10,attn,148,-0.3185
10,attn,149,0.0261
10,attn,150,-0.1807
10,attn,151,-0.169
10,attn,152,-0.203
10,attn,153,-0.2739
10,attn,154,-0.4913
10,attn,155,-0.0044
10,attn,156,-0.2144
10,attn,157,-0.1661
10,attn,158,-0.4978
10,attn,159,-0.0065
10,attn,160,-0.4754
10,attn,161,-0.1171
10,attn,162,-0.484
10,attn,163,-0.3765
10,attn,164,-0.379
10,attn,165,-0.2006
10,attn,166,-0.1254
10,attn,167,0.0218
10,attn,168,0.397
10,attn,169,0.0747
10,attn,170,-0.5015
10,attn,171,-0.0074
10,attn,172,0.0564
10,attn,173,-0.5264
10,attn,174,-0.135
10,attn,175,-0.2864
10,attn,176,-0.0249
10,attn,177,0.0359
10,attn,178,0.0742
10,attn,179,-0.0944
10,attn,180,-0.1767
10,attn,181,-0.0072
10,attn,182,-0.0964
10,attn,183,-0.3105
10,attn,184,-0.0446
10,attn,185,0.0409
10,attn,186,-0.204
10,attn,187,-0.2721
10,attn,188,-0.188
10,attn,189,-0.8858
10,attn,190,-0.1127
10,attn,191,0.1421
10,attn,192,-0.4098
10,attn,193,0.2358
10,attn,194,0.0316
10,attn,195,-0.1626
10,attn,196,0.1526
10,attn,197,0.0697
10,attn,198,-0.3078
10,attn,199,0.0567
10,attn,200,-0.4129
10,attn,201,-0.0911
10,attn,202,0.1018
10,attn,203,-0.431
10,attn,204,-0.1504
10,attn,205,-0.236
10,attn,206,-0.131
10,attn,207,-0.1557
10,attn,208,-0.3222
10,attn,209,-0.0186
10,attn,210,0.0783
10,attn,211,-0.4924
10,attn,212,0.0064
10,attn,213,0.1727
10,attn,214,-0.0164
10,attn,215,0.0715
10,attn,216,-0.3566
10,attn,217,-0.5933
10,attn,218,-0.2657
10,attn,219,-0.0173
10,attn,220,-0.1979
10,attn,221,-0.1773
10,attn,222,0.3751
10,attn,223,-0.354
10,attn,224,-0.031
10,attn,225,-0.1803
10,attn,226,-0.0997
10,attn,227,-0.4976
10,attn,228,-0.0676
10,attn,229,-0.0755
10,attn,230,-0.7174
10,attn,231,0.2803
10,attn,232,0.0163
10,attn,233,-0.2528
10,attn,234,-0.2082
10,attn,235,-0.0228
10,attn,236,0.4162
10,attn,237,-0.3588
10,attn,238,-0.1799
10,attn,239,0.228
10,attn,240,0.0147
10,attn,241,-0.8862
10,attn,242,-0.4367
10,attn,243,-0.1017
10,attn,244,-0.4907
10,attn,245,-0.1149
10,attn,246,0.346
10,attn,247,0.6485
10,attn,248,-0.1412
10,attn,249,0.3561
10,attn,250,-0.2973
10,attn,251,0.2171
10,attn,252,0.2934
10,attn,253,-0.0425
10,attn,254,-0.1065
10,attn,255,-0.1106
10,attn,256,-0.1022
10,attn,257,0.1444
10,attn,258,-0.1706
10,attn,259,-0.4185
10,attn,260,0.336
10,attn,261,-0.3074
10,attn,262,-0.0662
10,attn,263,0.2558
10,attn,264,-0.1047
10,attn,265,-0.0797
10,attn,266,0.5175
10,attn,267,-0.0838
10,attn,268,0.0531
10,attn,269,-0.1615
10,attn,270,0.2501
10,attn,271,-0.2443
10,attn,272,-0.0963
10,attn,273,0.0406
10,attn,274,-0.4221
10,attn,275,-0.2621
10,attn,276,-0.0266
10,attn,277,0.0364
10,attn,278,0.1736
10,attn,279,0.2397
10,attn,280,-0.1209
10,attn,281,0.0635
10,attn,282,0.1103
10,attn,283,-0.3605
10,attn,284,0.1656
10,attn,285,0.447
10,attn,286,0.0903
10,attn,287,0.1485
10,attn,288,-0.0103
10,attn,289,-0.856
10,attn,290,-0.3199
10,attn,291,-0.1279
10,attn,292,0.6466
10,attn,293,-0.4636
10,attn,294,-0.1524
10,attn,295,0.0213
10,attn,296,-0.0226
10,attn,297,-0.4265
10,attn,298,-0.1632
10,attn,299,-0.4404
10,attn,300,-0.2995
10,attn,301,-0.0895
10,attn,302,-0.2235
10,attn,303,0.508
10,attn,304,-0.1724
10,attn,305,-0.557
10,attn,306,0.1565
10,attn,307,0.0887
10,attn,308,0.0246
10,attn,309,-0.1942
10,attn,310,-0.3116
10,attn,311,-0.1624
10,attn,312,-0.1111
10,attn,313,-0.2449
10,attn,314,-0.0028
10,attn,315,-0.1191
10,attn,316,-0.1167
10,attn,317,-0.314
10,attn,318,-0.6045
10,attn,319,-0.0742
10,attn,320,-0.1281
10,attn,321,-0.9322
10,attn,322,-0.0027
10,attn,323,-0.0898
11,mlp,0,1.9028
11,mlp,1,0.1232
11,mlp,2,0.2751
11,mlp,3,-0.3841
11,mlp,4,-0.0361
11,mlp,5,-0.8655
11,mlp,6,-0.8979
11,mlp,7,0.3956
11,mlp,8,0.0581
11,mlp,9,-1.0975
11,mlp,10,0.0677
11,mlp,11,-0.122
11,mlp,12,0.3088
11,mlp,13,-0.0179
11,mlp,14,-0.0025
11,mlp,15,0.2712
11,mlp,16,0.1659
11,mlp,17,-0.0985
11,mlp,18,-0.3155
11,mlp,19,0.298
11,mlp,20,-0.0197
11,mlp,21,-1.0273
11,mlp,22,-0.1991
11,mlp,23,-0.2032
11,mlp,24,0.1032
11,mlp,25,-0.2559
11,mlp,26,0.1887
11,mlp,27,0.2091
11,mlp,28,0.1094
11,mlp,29,-0.1616
11,mlp,30,0.3465
11,mlp,31,-0.2381
11,mlp,32,0.099
11,mlp,33,0.0745
11,mlp,34,0.3695
11,mlp,35,-0.2935
11,mlp,36,-0.5531
11,mlp,37,-0.3338
11,mlp,38,0.2661
11,mlp,39,-0.171
11,mlp,40,-0.6152
11,mlp,41,-0.3725
11,mlp,42,-0.5275
11,mlp,43,-0.2382
11,mlp,44,-0.2379
11,mlp,45,-0.3431
11,mlp,46,0.5165
11,mlp,47,0.1636
11,mlp,48,-0.3095
11,mlp,49,0.2413
11,mlp,50,-0.5233
11,mlp,51,0.0914
11,mlp,52,-0.531
11,mlp,53,-0.0621
11,mlp,54,0.0705
11,mlp,55,0.028
11,mlp,56,0.159
11,mlp,57,0.4154
11,mlp,58,0.0222
11,mlp,59,-0.7999
11,mlp,60,0.0715
11,mlp,61,-0.2405
11,mlp,62,-0.3496
11,mlp,63,-0.2584
11,mlp,64,-0.1896
11,mlp,65,-0.3805
11,mlp,66,-0.5027
11,mlp,67,-0.2509
11,mlp,68,-0.9153
11,mlp,69,0.7508
11,mlp,70,0.3597
11,mlp,71,0.2801
11,mlp,72,-0.5671
11,mlp,73,0.2712
11,mlp,74,-1.1883
11,mlp,75,-0.4813
11,mlp,76,-0.4432
11,mlp,77,0.3431
11,mlp,78,-0.174
11,mlp,79,0.2807
11,mlp,80,0.3867
11,mlp,81,0.1251
11,mlp,82,-0.0335
11,mlp,83,-0.131
11,mlp,84,0.0326
11,mlp,85,0.4914
11,mlp,86,0.9656
11,mlp,87,-0.8472
11,mlp,88,-0.0271
11,mlp,89,0.1259
11,mlp,90,-0.5043
11,mlp,91,0.1244
11,mlp,92,0.3278
11,mlp,93,-0.31
11,mlp,94,0.0129
11,mlp,95,-0.3353
11,mlp,96,0.0851
11,mlp,97,-0.0529
11,mlp,98,0.6839
11,mlp,99,-0.3031
11,mlp,100,-0.615
11,mlp,101,-0.1109
11,mlp,102,-0.0547
11,mlp,103,-0.0107
11,mlp,104,-0.7546
11,mlp,105,-0.1212
11,mlp,106,1.2626
11,mlp,107,0.5392
11,mlp,108,-0.3746
11,mlp,109,-0.6233
11,mlp,110,0.1315
11,mlp,111,0.5529
11,mlp,112,-0.0983
11,mlp,113,0.1609
11,mlp,114,0.6005
11,mlp,115,-0.0447
11,mlp,116,-0.0885
11,mlp,117,-0.0848
11,mlp,118,0.4528
11,mlp,119,-0.0266
11,mlp,120,-0.3547
11,mlp,121,-0.0613
11,mlp,122,0.145
11,mlp,123,0.0165
11,mlp,124,-1.2131
11,mlp,125,0.2503
11,mlp,126,0.4702
11,mlp,127,-0.1593
11,mlp,128,1.4142
11,mlp,129,0.4979
11,mlp,130,-0.0688
11,mlp,131,0.4394
11,mlp,132,-0.2932
11,mlp,133,-0.2725
11,mlp,134,-0.2646
11,mlp,135,0.6618
11,mlp,136,-0.0632
11,mlp,137,-0.3753
11,mlp,138,-0.0879
11,mlp,139,-0.0575
11,mlp,140,0.0036
11,mlp,141,-0.0956
11,mlp,142,-0.09
11,mlp,143,0.0731
11,mlp,144,0.2781
11,mlp,145,-0.1871
11,mlp,146,0.1366
11,mlp,147,0.6458
11,mlp,148,-0.8131
11,mlp,149,-0.1849
11,mlp,150,-0.0111
11,mlp,151,-0.2936
11,mlp,152,0.1495
11,mlp,153,-0.4102
11,mlp,154,-0.0839
11,mlp,155,-0.3774
11,mlp,156,-0.3951
11,mlp,157,-0.5235
11,mlp,158,-0.7679
11,mlp,159,-0.0216
11,mlp,160,0.1319
11,mlp,161,0.2702
11,mlp,162,0.3427
11,mlp,163,-0.9239
11,mlp,164,-0.0569
11,mlp,165,0.9377
11,mlp,166,-0.5721
11,mlp,167,0.0741
11,mlp,168,-0.0602
11,mlp,169,-0.5453
11,mlp,170,-0.1802
11,mlp,171,0.3681
11,mlp,172,0.2741
11,mlp,173,0.414
11,mlp,174,0.5613
11,mlp,175,0.3019
11,mlp,176,-0.2967
11,mlp,177,0.2659
11,mlp,178,-0.0578
11,mlp,179,-0.4133
11,mlp,180,-0.6789
11,mlp,181,0.0206
11,mlp,182,-0.1353
11,mlp,183,0.4186
11,mlp,184,0.3635
11,mlp,185,0.2663
11,mlp,186,-0.0133
11,mlp,187,0.4629
11,mlp,188,-0.1009
11,mlp,189,-0.4204
11,mlp,190,0.0349
11,mlp,191,-0.0754
11,mlp,192,0.0942
11,mlp,193,-0.2841
11,mlp,194,0.5647
11,mlp,195,0.3379
11,mlp,196,0.7736
11,mlp,197,0.0559
11,mlp,198,-0.0169
11,mlp,199,-0.4015
11,mlp,200,-0.7714
11,mlp,201,-0.7078
11,mlp,202,-0.1985
11,mlp,203,-0.3787
11,mlp,204,0.6918
11,mlp,205,0.0847
11,mlp,206,-0.0639
11,mlp,207,-0.1813
11,mlp,208,1.2848
11,mlp,209,-1.3573
11,mlp,210,-0.0299
11,mlp,211,-0.2629
11,mlp,212,-0.1203
11,mlp,213,0.0032
11,mlp,214,-0.1903
11,mlp,215,-0.2571
11,mlp,216,-0.1261
11,mlp,217,-0.3767
11,mlp,218,0.326
11,mlp,219,-0.1939
11,mlp,220,-0.3749
11,mlp,221,-0.3848
11,mlp,222,-0.2344
11,mlp,223,0.1355
11,mlp,224,-0.1966
11,mlp,225,-0.014
11,mlp,226,0.2376
11,mlp,227,-1.1542
11,mlp,228,1.3924
11,mlp,229,0.0397
11,mlp,230,-0.2615
11,mlp,231,-0.6522
11,mlp,232,-0.0149
11,mlp,233,-0.4706
11,mlp,234,0.2426
11,mlp,235,0.5328
11,mlp,236,-0.0711
11,mlp,237,-0.2235
11,mlp,238,-0.4425
11,mlp,239,-0.0942
11,mlp,240,-0.1394
11,mlp,241,0.2069
11,mlp,242,-0.5598
11,mlp,243,0.1964
11,mlp,244,0.023
11,mlp,245,-0.4904
11,mlp,246,-0.5614
11,mlp,247,-0.2575
11,mlp,248,0.257
11,mlp,249,-1.9234
11,mlp,250,-0.3292
11,mlp,251,-0.6612
11,mlp,252,0.2127
11,mlp,253,-0.1062
11,mlp,254,0.314
11,mlp,255,-0.1562
11,mlp,256,0.6439
11,mlp,257,0.124
11,mlp,258,-0.2774
11,mlp,259,-0.5864
11,mlp,260,-0.4201
11,mlp,261,-1.1422
11,mlp,262,-0.438
11,mlp,263,-0.2567
11,mlp,264,-0.5986
11,mlp,265,0.659
11,mlp,266,-0.0367
11,mlp,267,0.2596
11,mlp,268,-0.2433
11,mlp,269,-0.5307
11,mlp,270,-0.2918
11,mlp,271,-0.4636
11,mlp,272,-0.4167
11,mlp,273,-0.1505
11,mlp,274,-0.2696
11,mlp,275,-0.1503
11,mlp,276,-0.099
11,mlp,277,0.4016
11,mlp,278,-0.3735
11,mlp,279,0.8223
11,mlp,280,-0.298
11,mlp,281,0.3494
11,mlp,282,0.5854
11,mlp,283,0.6621
11,mlp,284,1.4424
11,mlp,285,0.5257
11,mlp,286,-0.1474
11,mlp,287,-0.3059
11,mlp,288,-0.9617
11,mlp,289,-0.4193
11,mlp,290,-0.0929
11,mlp,291,-0.0454
11,mlp,292,-0.7638
11,mlp,293,0.3508
11,mlp,294,0.1956
11,mlp,295,0.1566
11,mlp,296,-0.0254
11,mlp,297,-0.4152
11,mlp,298,-0.0802
11,mlp,299,0.4372
11,mlp,300,0.0636
11,mlp,301,-0.2936
11,mlp,302,-0.5015
11,mlp,303,-0.7807
11,mlp,304,-0.0772
11,mlp,305,-0.4886
11,mlp,306,-0.4133
11,mlp,307,-0.1042
11,mlp,308,-0.368
11,mlp,309,-0.3121
11,mlp,310,-0.5055
11,mlp,311,-0.0091
11,mlp,312,-0.1263
11,mlp,313,0.0298
11,mlp,314,0.0725
11,mlp,315,-0.119
11,mlp,316,-0.2047
11,mlp,317,-0.1554
11,mlp,318,0.8252
11,mlp,319,0.7165
11,mlp,320,0.4749
11,mlp,321,-0.1718
11,mlp,322,-0.0484
11,mlp,323,0.497
11,attn,0,0.7772
11,attn,1,-0.0227
11,attn,2,0.727
11,attn,3,-0.206
11,attn,4,-0.1516
11,attn,5,-0.4723
11,attn,6,-0.3631
11,attn,7,-0.7775
11,attn,8,-0.394
11,attn,9,-0.0194
11,attn,10,-0.1696
11,attn,11,-0.353
11,attn,12,-0.1138
11,attn,13,-0.375
11,attn,14,0.2441
11,attn,15,-2.8769
11,attn,16,-1.6945
11,attn,17,-0.8034
11,attn,18,-1.4423
11,attn,19,-1.795
11,attn,20,-2.2556
11,attn,21,-2.3122
11,attn,22,-3.2748
11,attn,23,-0.277
11,attn,24,-0.3877
11,attn,25,-0.92
11,attn,26,-1.1698
11,attn,27,-1.4832
11,attn,28,-1.1643
11,attn,29,0.1877
11,attn,30,-1.1044
11,attn,31,-0.6322
11,attn,32,-0.1319
11,attn,33,-0.3099
11,attn,34,-0.1245
11,attn,35,-0.1161
11,attn,36,-0.4037
11,attn,37,0.1048
11,attn,38,0.7918
11,attn,39,-0.8222
11,attn,40,-1.1285
11,attn,41,-0.3868
11,attn,42,-1.317
11,attn,43,-0.8972
11,attn,44,-0.5132
11,attn,45,-1.7999
11,attn,46,-2.3091
11,attn,47,-1.091
11,attn,48,-0.3489
11,attn,49,-0.8097
11,attn,50,-0.935
11,attn,51,-0.3072
11,attn,52,-1.2491
11,attn,53,0.0124
11,attn,54,0.0732
11,attn,55,-1.2421
11,attn,56,-1.1121
11,attn,57,0.3152
11,attn,58,0.0376
11,attn,59,-0.8428
11,attn,60,-0.6281
11,attn,61,-0.1407
11,attn,62,-0.1644
11,attn,63,0.0927
11,attn,64,0.4519
11,attn,65,-0.3016
11,attn,66,-0.0956
11,attn,67,-0.6894
11,attn,68,0.6372
11,attn,69,-0.3353
11,attn,70,-0.4551
11,attn,71,-0.0213
11,attn,72,0.2405
11,attn,73,-0.3312
11,attn,74,-0.0755
11,attn,75,0.3026
11,attn,76,0.0223
11,attn,77,0.2762
11,attn,78,0.4774
11,attn,79,-0.6805
11,attn,80,-2.0384
11,attn,81,-1.2266
11,attn,82,-0.0662
11,attn,83,-1.501
11,attn,84,-0.1189
11,attn,85,-0.6448
11,attn,86,-0.5511
11,attn,87,-0.0346
11,attn,88,-0.7731
11,attn,89,0.0468
11,attn,90,-0.4908
11,attn,91,0.0006
11,attn,92,0.1457
11,attn,93,-0.7188
11,attn,94,-0.4225
11,attn,95,-0.7705
11,attn,96,-0.2659
11,attn,97,-0.263
11,attn,98,-0.324
11,attn,99,0.0421
11,attn,100,-2.0006
11,attn,101,-0.7397
11,attn,102,0.1213
11,attn,103,-1.6711
11,attn,104,-0.9894
11,attn,105,0.1408
11,attn,106,-0.4208
11,attn,107,-0.7425
11,attn,108,-1.2925
11,attn,109,-0.6691
11,attn,110,-1.4179
11,attn,111,-0.0908
11,attn,112,-0.6069
11,attn,113,-0.1014
11,attn,114,0.1475
11,attn,115,-0.2511
11,attn,116,-0.5858
11,attn,117,-0.7176
11,attn,118,-2.4564
11,attn,119,-0.1658
11,attn,120,-2.3129
11,attn,121,0.0596
11,attn,122,-0.9326
11,attn,123,0.2134
11,attn,124,-0.6648
11,attn,125,-0.7006
11,attn,126,0.0801
11,attn,127,0.1227
11,attn,128,-0.6509
11,attn,129,-1.9936
11,attn,130,-0.7258
11,attn,131,0.2799
11,attn,132,-0.8282
11,attn,133,-1.6429
11,attn,134,-0.6084
11,attn,135,-1.5915
11,attn,136,-0.3639
11,attn,137,0.277
11,attn,138,-0.2768
11,attn,139,-1.1672
11,attn,140,-0.4963
11,attn,141,-0.1083
11,attn,142,-0.3804
11,attn,143,0.1962
11,attn,144,-0.6161
11,attn,145,-0.2263
11,attn,146,-0.9515
11,attn,147,-1.5907
11,attn,148,-0.4399
11,attn,149,0.086
11,attn,150,-0.2242
11,attn,151,-1.1215
11,attn,152,-0.22
11,attn,153,-0.2678
11,attn,154,-0.3638
11,attn,155,0.4253
11,attn,156,0.0407
11,attn,157,-1.2089
11,attn,158,-1.276
11,attn,159,0.2268
11,attn,160,-1.4275
11,attn,161,-0.6924
11,attn,162,-0.8254
11,attn,163,-0.3635
11,attn,164,0.1846
11,attn,165,1.0995
11,attn,166,0.0086
11,attn,167,0.0637
11,attn,168,-0.3702
11,attn,169,0.0022
11,attn,170,-0.3055
11,attn,171,1.1749
11,attn,172,0.7196
11,attn,173,-1.0349
11,attn,174,-1.5822
11,attn,175,-0.5926
11,attn,176,-0.2698
11,attn,177,-0.4618
11,attn,178,0.0497
11,attn,179,-0.1146
11,attn,180,-0.2673
11,attn,181,-0.3902
11,attn,182,0.1765
11,attn,183,-0.7158
11,attn,184,-0.7874
11,attn,185,-0.3019
11,attn,186,0.0105
11,attn,187,-2.8137
11,attn,188,-1.0357
11,attn,189,-1.3049
11,attn,190,-1.1771
11,attn,191,-0.0437
11,attn,192,-0.8652
11,attn,193,-0.2392
11,attn,194,-0.9247
11,attn,195,-0.2643
11,attn,196,0.1809
11,attn,197,0.5396
11,attn,198,-0.24
11,attn,199,-0.8591
11,attn,200,-1.2557
11,attn,201,-0.6481
11,attn,202,-0.0829
11,attn,203,-0.9498
11,attn,204,-0.0215
11,attn,205,0.6387
11,attn,206,-0.3995
11,attn,207,-0.9007
11,attn,208,-0.8254
11,attn,209,-1.662
11,attn,210,-0.486
11,attn,211,0.1966
11,attn,212,0.1376
11,attn,213,-0.1427
11,attn,214,-0.2459
11,attn,215,0.2502
11,attn,216,0.0508
11,attn,217,0.2149
11,attn,218,-0.8492
11,attn,219,0.1341
11,attn,220,0.9967
11,attn,221,-0.1299
11,attn,222,-0.232
11,attn,223,-2.0098
11,attn,224,0.2119
11,attn,225,-0.523
11,attn,226,-0.2113
11,attn,227,-0.4699
11,attn,228,-0.5851
11,attn,229,0.5186
11,attn,230,-0.6821
11,attn,231,-0.2455
11,attn,232,0.259
11,attn,233,-0.9242
11,attn,234,0.3139
11,attn,235,-0.092
11,attn,236,0.0763
11,attn,237,-0.4358
11,attn,238,-0.1192
11,attn,239,0.0711
11,attn,240,0.1493
11,attn,241,-0.5384
11,attn,242,-0.9427
11,attn,243,-0.4732
11,attn,244,-0.8456
11,attn,245,-0.3719
11,attn,246,0.4905
11,attn,247,0.5864
11,attn,248,-0.7868
11,attn,249,-2.3601
11,attn,250,0.4585
11,attn,251,1.8633
11,attn,252,0.2292
11,attn,253,0.1778
11,attn,254,-0.9782
11,attn,255,-0.0706
11,attn,256,-0.7832
11,attn,257,-0.1156
11,attn,258,-0.3789
11,attn,259,-0.1488
11,attn,260,-0.5255
11,attn,261,-0.5611
11,attn,262,-0.5505
11,attn,263,0.1806
11,attn,264,-0.5759
11,attn,265,0.293
11,attn,266,0.3078
11,attn,267,0.0058
11,attn,268,0.1001
11,attn,269,-0.7533
11,attn,270,-0.0598
11,attn,271,-0.621
11,attn,272,-0.2606
11,attn,273,0.1549
11,attn,274,-0.5638
11,attn,275,-0.5333
11,attn,276,-0.1315
11,attn,277,0.3064
11,attn,278,0.0544
11,attn,279,-0.671
11,attn,280,-0.3405
11,attn,281,1.1215
11,attn,282,-1.2124
11,attn,283,-0.9471
11,attn,284,-0.7556
11,attn,285,0.6772
11,attn,286,0.0623
11,attn,287,-0.3628
11,attn,288,-0.0217
11,attn,289,-2.1089
11,attn,290,-0.1333
11,attn,291,0.0872
11,attn,292,0.6366
11,attn,293,-0.2553
11,attn,294,-0.0308
11,attn,295,0.0605
11,attn,296,-1.1256
11,attn,297,-0.3699
11,attn,298,-0.071
11,attn,299,-1.5315
11,attn,300,0.6398
11,attn,301,-1.4348
11,attn,302,-1.0754
11,attn,303,0.3004
11,attn,304,-0.104
11,attn,305,-0.3751
11,attn,306,-0.3177
11,attn,307,0.0099
11,attn,308,0.1756
11,attn,309,-0.6924
11,attn,310,-0.161
11,attn,311,-0.7505
11,attn,312,-0.1306
11,attn,313,-0.7655
11,attn,314,-0.511
11,attn,315,0.5761
11,attn,316,-0.6622
11,attn,317,-0.9237
11,attn,318,-2.6657
11,attn,319,-1.0093
11,attn,320,-2.1356
11,attn,321,-2.9159
11,attn,322,-1.2198
11,attn,323,-1.2599
12,mlp,0,1.6174
12,mlp,1,-0.1977
12,mlp,2,0.5177
12,mlp,3,-0.1379
12,mlp,4,-0.4575
12,mlp,5,-0.5137
12,mlp,6,-0.706
12,mlp,7,0.1425
12,mlp,8,-0.2447
12,mlp,9,0.791
12,mlp,10,0.0947
12,mlp,11,-0.2222
12,mlp,12,0.5472
12,mlp,13,-0.1993
12,mlp,14,0.0089
12,mlp,15,0.2859
12,mlp,16,0.174
12,mlp,17,0.0274
12,mlp,18,-0.0729
12,mlp,19,0.9373
12,mlp,20,-0.2861
12,mlp,21,-0.6226
12,mlp,22,0.2271
12,mlp,23,-0.0039
12,mlp,24,0.2764
12,mlp,25,0.0573
12,mlp,26,-0.152
12,mlp,27,0.203
12,mlp,28,-0.2278
12,mlp,29,0.2848
12,mlp,30,1.3384
12,mlp,31,0.0595
12,mlp,32,0.3621
12,mlp,33,0.4059
12,mlp,34,0.5991
12,mlp,35,0.1985
12,mlp,36,0.048
12,mlp,37,0.489
12,mlp,38,0.2795
12,mlp,39,0.0106
12,mlp,40,0.9553
12,mlp,41,0.2041
12,mlp,42,-0.3176
12,mlp,43,-0.1554
12,mlp,44,0.217
12,mlp,45,-0.2866
12,mlp,46,0.4771
12,mlp,47,0.8053
12,mlp,48,0.2156
12,mlp,49,0.9529
12,mlp,50,-0.0416
12,mlp,51,0.4683
12,mlp,52,-0.0927
12,mlp,53,0.0736
12,mlp,54,0.1148
12,mlp,55,0.3937
12,mlp,56,0.8078
12,mlp,57,0.0536
12,mlp,58,0.1847
12,mlp,59,0.1099
12,mlp,60,-0.3802
12,mlp,61,0.2325
12,mlp,62,-0.2349
12,mlp,63,0.191
12,mlp,64,-0.9696
12,mlp,65,-0.2133
12,mlp,66,0.454
12,mlp,67,-0.4109
12,mlp,68,0.4064
12,mlp,69,-0.6862
12,mlp,70,-0.8136
12,mlp,71,0.0569
12,mlp,72,0.5546
12,mlp,73,0.3765
12,mlp,74,-0.3978
12,mlp,75,-0.0371
12,mlp,76,-0.0659
12,mlp,77,0.7491
12,mlp,78,-0.322
12,mlp,79,0.4862
12,mlp,80,0.5417
12,mlp,81,-0.0807
12,mlp,82,0.3067
12,mlp,83,-0.1206
12,mlp,84,0.2122
12,mlp,85,0.3043
12,mlp,86,-0.0902
12,mlp,87,0.3773
12,mlp,88,0.3408
12,mlp,89,0.0432
12,mlp,90,-0.1024
12,mlp,91,0.3142
12,mlp,92,0.6989
12,mlp,93,0.9866
12,mlp,94,0.4091
12,mlp,95,0.3513
12,mlp,96,-0.177
12,mlp,97,0.4208
12,mlp,98,0.024
12,mlp,99,-0.0381
12,mlp,100,-0.9103
12,mlp,101,-0.0178
12,mlp,102,-0.1477
12,mlp,103,0.2103
12,mlp,104,0.4524
12,mlp,105,-0.1609
12,mlp,106,0.8701
12,mlp,107,0.1558
12,mlp,108,-0.3847
12,mlp,109,-0.7992
12,mlp,110,-0.0111
12,mlp,111,-0.0057
12,mlp,112,0.3413
12,mlp,113,0.3656
12,mlp,114,0.6762
12,mlp,115,-0.1171
12,mlp,116,0.2022
12,mlp,117,0.1975
12,mlp,118,0.3584
12,mlp,119,-0.0983
12,mlp,120,-0.3736
12,mlp,121,0.1917
12,mlp,122,0.615
12,mlp,123,0.2194
12,mlp,124,-0.484
12,mlp,125,-0.3197
12,mlp,126,-0.2423
12,mlp,127,2.0798
12,mlp,128,0.1969
12,mlp,129,-1.2087
12,mlp,130,-0.2676
12,mlp,131,0.3133
12,mlp,132,-0.2497
12,mlp,133,-0.2054
12,mlp,134,0.056
12,mlp,135,0.1953
12,mlp,136,0.2226
12,mlp,137,-0.6058
12,mlp,138,0.4153
12,mlp,139,1.016
12,mlp,140,0.0923
12,mlp,141,0.1638
12,mlp,142,-0.1022
12,mlp,143,0.1293
12,mlp,144,0.4779
12,mlp,145,-0.0325
12,mlp,146,0.4382
12,mlp,147,-0.4572
12,mlp,148,-0.3472
12,mlp,149,-0.4294
12,mlp,150,-1.0009
12,mlp,151,-0.2822
12,mlp,152,-0.0496
12,mlp,153,0.2309
12,mlp,154,0.1358
12,mlp,155,-0.2209
12,mlp,156,0.152
12,mlp,157,0.1619
12,mlp,158,-0.6115
12,mlp,159,-0.0711
12,mlp,160,-1.1319
12,mlp,161,0.6094
12,mlp,162,-0.5695
12,mlp,163,-0.2469
12,mlp,164,-0.1164
12,mlp,165,0.3957
12,mlp,166,0.1524
12,mlp,167,0.1408
12,mlp,168,-0.0481
12,mlp,169,-0.1823
12,mlp,170,-0.115
12,mlp,171,-0.9231
12,mlp,172,-0.0323
12,mlp,173,0.2608
12,mlp,174,-0.8856
12,mlp,175,-0.0728
12,mlp,176,-0.0145
12,mlp,177,0.198
12,mlp,178,-0.2379
12,mlp,179,0.0741
12,mlp,180,0.0587
12,mlp,181,0.8511
12,mlp,182,-0.304
12,mlp,183,0.099
12,mlp,184,0.7259
12,mlp,185,0.2898
12,mlp,186,0.1964
12,mlp,187,-0.3307
12,mlp,188,-1.6076
12,mlp,189,-0.7197
12,mlp,190,0.4456
12,mlp,191,-0.0532
12,mlp,192,-0.3801
12,mlp,193,-0.3625
12,mlp,194,0.4351
12,mlp,195,0.2662
12,mlp,196,-0.1559
12,mlp,197,0.3369
12,mlp,198,0.0794
12,mlp,199,0.4337
12,mlp,200,-0.0965
12,mlp,201,-0.7338
12,mlp,202,0.1175
12,mlp,203,0.2772
12,mlp,204,1.0398
12,mlp,205,0.0483
12,mlp,206,0.2079
12,mlp,207,-0.2647
12,mlp,208,0.1037
12,mlp,209,-1.4676
12,mlp,210,-0.0459
12,mlp,211,0.0999
12,mlp,212,0.2373
12,mlp,213,0.1181
12,mlp,214,-0.4014
12,mlp,215,0.0625
12,mlp,216,-0.6242
12,mlp,217,-0.2723
12,mlp,218,-0.7965
12,mlp,219,0.0144
12,mlp,220,0.5084
12,mlp,221,0.0502
12,mlp,222,-0.4187
12,mlp,223,0.1388
12,mlp,224,0.1196
12,mlp,225,0.4719
12,mlp,226,0.079
12,mlp,227,-0.3794
12,mlp,228,-0.5245
12,mlp,229,0.2042
12,mlp,230,-0.3667
12,mlp,231,0.1079
12,mlp,232,0.22
12,mlp,233,-0.3175
12,mlp,234,0.1209
12,mlp,235,0.6133
12,mlp,236,0.0071
12,mlp,237,-0.0568
12,mlp,238,0.253
12,mlp,239,0.9991
12,mlp,240,0.1063
12,mlp,241,-0.5108
12,mlp,242,0.0767
12,mlp,243,0.2249
12,mlp,244,0.8548
12,mlp,245,-0.0022
12,mlp,246,-0.0711
12,mlp,247,0.0425
12,mlp,248,0.9039
12,mlp,249,-2.1213
12,mlp,250,-0.0035
12,mlp,251,0.0758
12,mlp,252,-0.1373
12,mlp,253,-0.1195
12,mlp,254,1.247
12,mlp,255,0.2935
12,mlp,256,1.1258
12,mlp,257,-0.0389
12,mlp,258,0.388
12,mlp,259,0.0164
12,mlp,260,-0.0837
12,mlp,261,-0.1505
12,mlp,262,-0.4209
12,mlp,263,0.1188
12,mlp,264,0.5325
12,mlp,265,0.6305
12,mlp,266,0.833
12,mlp,267,0.2459
12,mlp,268,0.1067
12,mlp,269,0.2752
12,mlp,270,0.1538
12,mlp,271,-0.216
12,mlp,272,-0.2489
12,mlp,273,0.0835
12,mlp,274,0.8523
12,mlp,275,1.1094
12,mlp,276,0.1871
12,mlp,277,-0.6855
12,mlp,278,0.045
12,mlp,279,1.325
12,mlp,280,-0.0686
12,mlp,281,0.7319
12,mlp,282,1.4185
12,mlp,283,0.6574
12,mlp,284,0.7873
12,mlp,285,1.5858
12,mlp,286,0.4346
12,mlp,287,-0.4966
12,mlp,288,0.0066
12,mlp,289,-1.3138
12,mlp,290,-0.7484
12,mlp,291,-0.3267
12,mlp,292,0.0731
12,mlp,293,0.965
12,mlp,294,0.1242
12,mlp,295,-0.2649
12,mlp,296,0.6151
12,mlp,297,-0.0988
12,mlp,298,-0.0734
12,mlp,299,0.5825
12,mlp,300,-0.3986
12,mlp,301,0.4952
12,mlp,302,0.7987
12,mlp,303,0.5733
12,mlp,304,-0.0006
12,mlp,305,-0.4606
12,mlp,306,-0.2867
12,mlp,307,0.2832
12,mlp,308,-0.3745
12,mlp,309,-0.3075
12,mlp,310,-1.0446
12,mlp,311,-0.1233
12,mlp,312,-0.0696
12,mlp,313,0.1212
12,mlp,314,0.1519
12,mlp,315,-0.0287
12,mlp,316,0.2661
12,mlp,317,0.2497
12,mlp,318,1.2288
12,mlp,319,0.8829
12,mlp,320,0.4639
12,mlp,321,-0.4223
12,mlp,322,-0.4866
12,mlp,323,-0.0746
12,attn,0,0.298
12,attn,1,0.0485
12,attn,2,0.3363
12,attn,3,0.1727
12,attn,4,0.3481
12,attn,5,0.3088
12,attn,6,0.2162
12,attn,7,0.1636
12,attn,8,0.004
12,attn,9,-0.3288
12,attn,10,0.0087
12,attn,11,0.1009
12,attn,12,0.0091
12,attn,13,0.0411
12,attn,14,0.0084
12,attn,15,0.144
12,attn,16,-0.0289
12,attn,17,0.0583
12,attn,18,-0.1318
12,attn,19,-0.4593
12,attn,20,-0.0672
12,attn,21,-0.4497
12,attn,22,0.0018
12,attn,23,-0.0093
12,attn,24,-0.0368
12,attn,25,0.2587
12,attn,26,0.0351
12,attn,27,0.0123
12,attn,28,-0.5228
12,attn,29,0.1262
12,attn,30,-0.6867
12,attn,31,0.0028
12,attn,32,0.7267
12,attn,33,-0.0669
12,attn,34,0.0178
12,attn,35,0.0696
12,attn,36,-0.1439
12,attn,37,0.0816
12,attn,38,-0.2752
12,attn,39,-0.2793
12,attn,40,-0.2606
12,attn,41,-0.432
12,attn,42,-0.328
12,attn,43,0.0317
12,attn,44,0.1016
12,attn,45,-0.1131
12,attn,46,0.0812
12,attn,47,0.1149
12,attn,48,0.0286
12,attn,49,0.0973
12,attn,50,0.0005
12,attn,51,0.1355
12,attn,52,0.2086
12,attn,53,0.1757
12,attn,54,0.3702
12,attn,55,0.0162
12,attn,56,0.1938
12,attn,57,0.266
12,attn,58,0.1479
12,attn,59,-0.5304
12,attn,60,0.0589
12,attn,61,-0.1437
12,attn,62,-0.4495
12,attn,63,-0.0147
12,attn,64,-0.5449
12,attn,65,0.1135
12,attn,66,0.1326
12,attn,67,-0.2731
12,attn,68,-0.0651
12,attn,69,-0.3973
12,attn,70,-0.0556
12,attn,71,-0.2298
12,attn,72,-0.3061
12,attn,73,-0.1104
12,attn,74,0.132
12,attn,75,-0.2717
12,attn,76,-0.1255
12,attn,77,0.2337
12,attn,78,-0.0754
12,attn,79,-0.0848
12,attn,80,0.2325
12,attn,81,-0.2787
12,attn,82,0.0105
12,attn,83,-0.2291
12,attn,84,-0.0701
12,attn,85,0.0763
12,attn,86,-0.2025
12,attn,87,-0.1922
12,attn,88,-0.1946
12,attn,89,0.0731
12,attn,90,-0.1933
12,attn,91,-0.22
12,attn,92,0.3614
12,attn,93,-0.0206
12,attn,94,0.2238
12,attn,95,0.1072
12,attn,96,0.093
12,attn,97,0.3431
12,attn,98,-0.0396
12,attn,99,0.2097
12,attn,100,-0.6544
12,attn,101,-0.2511
12,attn,102,0.0417
12,attn,103,-0.3583
12,attn,104,-0.144
12,attn,105,-0.0062
12,attn,106,-0.5867
12,attn,107,0.0116
12,attn,108,-0.4031
12,attn,109,0.0913
12,attn,110,-0.1388
12,attn,111,0.1664
12,attn,112,0.1636
12,attn,113,-0.1177
12,attn,114,0.1109
12,attn,115,-0.0786
12,attn,116,0.1199
12,attn,117,-0.1831
12,attn,118,-0.3605
12,attn,119,-0.0153
12,attn,120,-0.3047
12,attn,121,0.0503
12,attn,122,-0.0538
12,attn,123,-0.3974
12,attn,124,-0.2491
12,attn,125,0.2674
12,attn,126,-0.1453
12,attn,127,-0.4429
12,attn,128,-0.0919
12,attn,129,-0.4096
12,attn,130,0.0544
12,attn,131,0.2626
12,attn,132,-0.0771
12,attn,133,0.2274
12,attn,134,-0.1578
12,attn,135,0.1998
12,attn,136,0.2686
12,attn,137,-0.1945
12,attn,138,0.1697
12,attn,139,-0.2063
12,attn,140,-0.0937
12,attn,141,-0.113
12,attn,142,-0.0143
12,attn,143,-0.1261
12,attn,144,0.12
12,attn,145,0.2941
12,attn,146,-0.1206
12,attn,147,-0.3348
12,attn,148,-0.1339
12,attn,149,-0.0685
12,attn,150,0.1231
12,attn,151,0.242
12,attn,152,0.1481
12,attn,153,-0.2542
12,attn,154,0.0417
12,attn,155,0.1258
12,attn,156,-0.2223
12,attn,157,0.0337
12,attn,158,-0.3273
12,attn,159,0.1576
12,attn,160,0.4194
12,attn,161,-0.1677
12,attn,162,-0.1414
12,attn,163,-0.2446
12,attn,164,0.0168
12,attn,165,0.0383
12,attn,166,-0.4021
12,attn,167,-0.0979
12,attn,168,0.1024
12,attn,169,0.1165
12,attn,170,-0.1262
12,attn,171,-0.0476
12,attn,172,0.1049
12,attn,173,0.1938
12,attn,174,0.1457
12,attn,175,-0.2112
12,attn,176,-0.1393
12,attn,177,-0.025
12,attn,178,-0.155
12,attn,179,-0.0003
12,attn,180,-0.162
12,attn,181,0.0588
12,attn,182,-0.0361
12,attn,183,-0.0139
12,attn,184,0.1032
12,attn,185,-0.9656
12,attn,186,-0.0456
12,attn,187,-0.1927
12,attn,188,-0.662
12,attn,189,-0.8829
12,attn,190,-0.088
12,attn,191,0.0491
12,attn,192,-0.1442
12,attn,193,0.9906
12,attn,194,-0.4378
12,attn,195,-0.2071
12,attn,196,-0.3388
12,attn,197,0.1449
12,attn,198,-0.4493
12,attn,199,-0.1835
12,attn,200,-0.3542
12,attn,201,-1.1383
12,attn,202,-0.0343
12,attn,203,-0.4507
12,attn,204,0.0095
12,attn,205,-0.2506
12,attn,206,-0.0581
12,attn,207,0.0661
12,attn,208,0.4256
12,attn,209,-0.4191
12,attn,210,-0.2216
12,attn,211,0.0345
12,attn,212,-0.2358
12,attn,213,0.1514
12,attn,214,0.345
12,attn,215,0.2377
12,attn,216,0.0419
12,attn,217,-0.184
12,attn,218,-0.1842
12,attn,219,-0.0337
12,attn,220,-0.0759
12,attn,221,-0.3792
12,attn,222,-0.4925
12,attn,223,-0.5684
12,attn,224,-0.4043
12,attn,225,-0.6223
12,attn,226,0.0834
12,attn,227,0.1754
12,attn,228,-0.0198
12,attn,229,-0.2928
12,attn,230,-0.4519
12,attn,231,-0.0723
12,attn,232,0.0639
12,attn,233,-0.2038
12,attn,234,-0.343
12,attn,235,0.175
12,attn,236,-0.2332
12,attn,237,-0.3513
12,attn,238,0.0213
12,attn,239,0.059
12,attn,240,0.0815
12,attn,241,0.4001
12,attn,242,0.5643
12,attn,243,-0.2451
12,attn,244,0.0799
12,attn,245,0.8209
12,attn,246,0.0377
12,attn,247,0.228
12,attn,248,-0.0724
12,attn,249,-0.3997
12,attn,250,0.0483
12,attn,251,-0.4773
12,attn,252,0.0316
12,attn,253,-0.0757
12,attn,254,0.0046
12,attn,255,0.133
12,attn,256,0.3268
12,attn,257,-0.208
12,attn,258,0.0125
12,attn,259,0.2362
12,attn,260,-0.2241
12,attn,261,0.2427
12,attn,262,0.1264
12,attn,263,-0.069
12,attn,264,0.769
12,attn,265,1.0018
12,attn,266,0.3857
12,attn,267,-0.1882
12,attn,268,-0.0136
12,attn,269,0.0045
12,attn,270,0.3679
12,attn,271,-0.0489
12,attn,272,-0.0662
12,attn,273,0.1002
12,attn,274,0.1103
12,attn,275,0.3915
12,attn,276,0.1047
12,attn,277,0.1328
12,attn,278,0.1649
12,attn,279,0.0818
12,attn,280,0.2306
12,attn,281,-0.3753
12,attn,282,0.0736
12,attn,283,1.0441
12,attn,284,0.1795
12,attn,285,1.2768
12,attn,286,0.2258
12,attn,287,-0.043
12,attn,288,0.0874
12,attn,289,0.0035
12,attn,290,0.5673
12,attn,291,0.1911
12,attn,292,0.5786
12,attn,293,-0.0448
12,attn,294,-0.1474
12,attn,295,0.1771
12,attn,296,0.1578
12,attn,297,-0.3093
12,attn,298,0.0094
12,attn,299,-0.1768
12,attn,300,-0.1496
12,attn,301,0.3075
12,attn,302,0.0115
12,attn,303,-0.0752
12,attn,304,0.3755
12,attn,305,0.1715
12,attn,306,0.0576
12,attn,307,0.1892
12,attn,308,0.1469
12,attn,309,-0.4355
12,attn,310,-0.33
12,attn,311,0.0606
12,attn,312,0.1607
12,attn,313,0.3964
12,attn,314,-0.0652
12,attn,315,-0.1572
12,attn,316,-0.2783
12,attn,317,-0.803
12,attn,318,-0.7801
12,attn,319,0.5371
12,attn,320,-0.2047
12,attn,321,0.684
12,attn,322,0.415
12,attn,323,0.2329
13,mlp,0,1.1553
13,mlp,1,0.1419
13,mlp,2,-0.3784
13,mlp,3,-0.347
13,mlp,4,-0.4252
13,mlp,5,-0.1868
13,mlp,6,-0.4781
13,mlp,7,0.1205
13,mlp,8,-0.3824
13,mlp,9,0.6592
13,mlp,10,-0.1065
13,mlp,11,-0.2271
13,mlp,12,0.3625
13,mlp,13,0.3143
13,mlp,14,0.222
13,mlp,15,-0.1722
13,mlp,16,0.1263
13,mlp,17,-0.1763
13,mlp,18,-0.1203
13,mlp,19,0.6633
13,mlp,20,0.3841
13,mlp,21,-1.076
13,mlp,22,0.1303
13,mlp,23,0.1423
13,mlp,24,0.4645
13,mlp,25,0.746
13,mlp,26,-0.2871
13,mlp,27,0.3825
13,mlp,28,0.001
13,mlp,29,-0.0834
13,mlp,30,0.8245
13,mlp,31,0.1885
13,mlp,32,0.0382
13,mlp,33,0.3007
13,mlp,34,0.4408
13,mlp,35,-0.5027
13,mlp,36,0.2101
13,mlp,37,-0.2014
13,mlp,38,0.3516
13,mlp,39,-0.613
13,mlp,40,0.067
13,mlp,41,0.2262
13,mlp,42,-1.0933
13,mlp,43,-0.0408
13,mlp,44,0.1448
13,mlp,45,-0.1931
13,mlp,46,0.4116
13,mlp,47,0.6817
13,mlp,48,0.095
13,mlp,49,0.3352
13,mlp,50,-0.1231
13,mlp,51,1.9562
13,mlp,52,-0.0361
13,mlp,53,0.0001
13,mlp,54,0.2732
13,mlp,55,-0.0507
13,mlp,56,-0.524
13,mlp,57,0.1688
13,mlp,58,0.3354
13,mlp,59,-0.0717
13,mlp,60,-1.0703
13,mlp,61,-0.492
13,mlp,62,0.0148
13,mlp,63,-0.1856
13,mlp,64,-1.0397
13,mlp,65,0.0846
13,mlp,66,0.0578
13,mlp,67,-0.2724
13,mlp,68,0.4117
13,mlp,69,-0.0378
13,mlp,70,-0.2123
13,mlp,71,-0.0545
13,mlp,72,-0.1423
13,mlp,73,0.0443
13,mlp,74,0.2721
13,mlp,75,-0.2655
13,mlp,76,-0.0115
13,mlp,77,0.5866
13,mlp,78,-0.4731
13,mlp,79,0.8
13,mlp,80,0.9838
13,mlp,81,0.1431
13,mlp,82,0.1749
13,mlp,83,-0.0993
13,mlp,84,0.0146
13,mlp,85,0.2597
13,mlp,86,0.8578
13,mlp,87,-0.2003
13,mlp,88,-0.2865
13,mlp,89,0.3313
13,mlp,90,-0.5994
13,mlp,91,0.2705
13,mlp,92,0.1956
13,mlp,93,0.4265
13,mlp,94,0.5101
13,mlp,95,0.2349
13,mlp,96,0.309
13,mlp,97,-0.1576
13,mlp,98,0.1142
13,mlp,99,0.1652
13,mlp,100,-2.2292
13,mlp,101,-0.0376
13,mlp,102,0.1965
13,mlp,103,0.5185
13,mlp,104,0.2258
13,mlp,105,-0.1388
13,mlp,106,0.4332
13,mlp,107,0.1118
13,mlp,108,-0.5406
13,mlp,109,0.0896
13,mlp,110,0.0738
13,mlp,111,0.0334
13,mlp,112,-0.2433
13,mlp,113,0.3953
13,mlp,114,3.2687
13,mlp,115,0.1737
13,mlp,116,0.418
13,mlp,117,-0.0249
13,mlp,118,-0.1376
13,mlp,119,-0.0093
13,mlp,120,-0.2079
13,mlp,121,0.026
13,mlp,122,0.3062
13,mlp,123,0.0726
13,mlp,124,0.6806
13,mlp,125,-0.2271
13,mlp,126,0.2372
13,mlp,127,0.4158
13,mlp,128,0.1821
13,mlp,129,-1.0522
13,mlp,130,-0.0671
13,mlp,131,0.4343
13,mlp,132,-0.3155
13,mlp,133,0.7101
13,mlp,134,0.0075
13,mlp,135,0.0509
13,mlp,136,0.0721
13,mlp,137,-0.4782
13,mlp,138,0.6098
13,mlp,139,0.4568
13,mlp,140,0.4855
13,mlp,141,0.0856
13,mlp,142,0.0838
13,mlp,143,0.3421
13,mlp,144,-0.1374
13,mlp,145,0.2819
13,mlp,146,0.5258
13,mlp,147,-0.9665
13,mlp,148,-0.7694
13,mlp,149,-0.0851
13,mlp,150,-0.121
13,mlp,151,-0.0859
13,mlp,152,0.5741
13,mlp,153,-0.0275
13,mlp,154,-0.8653
13,mlp,155,-0.2216
13,mlp,156,0.3426
13,mlp,157,0.3296
13,mlp,158,-0.255
13,mlp,159,-0.0252
13,mlp,160,-0.1732
13,mlp,161,-0.0424
13,mlp,162,-0.187
13,mlp,163,-0.4192
13,mlp,164,-0.1433
13,mlp,165,-0.3874
13,mlp,166,-0.2605
13,mlp,167,0.2833
13,mlp,168,0.1773
13,mlp,169,0.0606
13,mlp,170,-0.0513
13,mlp,171,-1.1201
13,mlp,172,-0.3491
13,mlp,173,0.6514
13,mlp,174,0.3813
13,mlp,175,0.025
13,mlp,176,-0.3466
13,mlp,177,0.3019
13,mlp,178,0.4594
13,mlp,179,0.3832
13,mlp,180,0.0164
13,mlp,181,-0.3861
13,mlp,182,-0.1426
13,mlp,183,0.4741
13,mlp,184,0.4668
13,mlp,185,0.0284
13,mlp,186,0.1907
13,mlp,187,0.7852
13,mlp,188,0.8491
13,mlp,189,-0.6068
13,mlp,190,0.6019
13,mlp,191,0.2139
13,mlp,192,-0.5218
13,mlp,193,0.8593
13,mlp,194,0.4733
13,mlp,195,0.2735
13,mlp,196,0.7703
13,mlp,197,0.2594
13,mlp,198,-0.4545
13,mlp,199,0.806
13,mlp,200,0.5263
13,mlp,201,-0.5615
13,mlp,202,0.28
13,mlp,203,-0.4445
13,mlp,204,0.2724
13,mlp,205,-0.0354
13,mlp,206,0.027
13,mlp,207,-0.4596
13,mlp,208,0.2722
13,mlp,209,-1.2743
13,mlp,210,-0.2773
13,mlp,211,-0.4405
13,mlp,212,-0.0283
13,mlp,213,0.2254
13,mlp,214,0.1433
13,mlp,215,0.2202
13,mlp,216,-0.4924
13,mlp,217,0.2302
13,mlp,218,0.3009
13,mlp,219,0.1967
13,mlp,220,-0.2018
13,mlp,221,-1.643
13,mlp,222,-0.4031
13,mlp,223,-0.5314
13,mlp,224,-0.0231
13,mlp,225,0.6289
13,mlp,226,0.1461
13,mlp,227,-1.1161
13,mlp,228,0.0019
13,mlp,229,0.2276
13,mlp,230,0.0213
13,mlp,231,0.0461
13,mlp,232,0.2387
13,mlp,233,-0.4635
13,mlp,234,0.1128
13,mlp,235,0.1018
13,mlp,236,0.297
13,mlp,237,-1.0693
13,mlp,238,0.4539
13,mlp,239,1.9709
13,mlp,240,0.1275
13,mlp,241,-0.9127
13,mlp,242,0.4157
13,mlp,243,-0.1131
13,mlp,244,0.8368
13,mlp,245,0.3112
13,mlp,246,0.6662
13,mlp,247,0.6834
13,mlp,248,0.7037
13,mlp,249,-0.632
13,mlp,250,-0.2153
13,mlp,251,-0.8
13,mlp,252,0.2297
13,mlp,253,0.2715
13,mlp,254,0.4045
13,mlp,255,0.1219
13,mlp,256,1.1938
13,mlp,257,-0.0535
13,mlp,258,0.0327
13,mlp,259,0.9219
13,mlp,260,0.6103
13,mlp,261,-0.512
13,mlp,262,-0.2709
13,mlp,263,0.2745
13,mlp,264,0.4301
13,mlp,265,1.6042
13,mlp,266,0.9645
13,mlp,267,0.2125
13,mlp,268,0.2601
13,mlp,269,0.7532
13,mlp,270,-0.0102
13,mlp,271,-0.1516
13,mlp,272,-0.1246
13,mlp,273,0.054
13,mlp,274,0.9564
13,mlp,275,0.7506
13,mlp,276,-0.3162
13,mlp,277,-0.2386
13,mlp,278,0.4067
13,mlp,279,1.6144
13,mlp,280,-0.0822
13,mlp,281,-0.2784
13,mlp,282,0.1932
13,mlp,283,0.7445
13,mlp,284,0.1603
13,mlp,285,-0.3511
13,mlp,286,-0.0921
13,mlp,287,0.1895
13,mlp,288,-0.0721
13,mlp,289,-1.1712
13,mlp,290,-0.7525
13,mlp,291,-0.2806
13,mlp,292,0.0946
13,mlp,293,0.3899
13,mlp,294,0.1543
13,mlp,295,-0.2199
13,mlp,296,-0.3365
13,mlp,297,-0.4325
13,mlp,298,-0.2285
13,mlp,299,-0.3215
13,mlp,300,0.1992
13,mlp,301,0.2653
13,mlp,302,0.5079
13,mlp,303,0.5009
13,mlp,304,0.2294
13,mlp,305,-0.6176
13,mlp,306,-0.1038
13,mlp,307,0.2996
13,mlp,308,-0.0919
13,mlp,309,0.5149
13,mlp,310,-0.571
13,mlp,311,0.3363
13,mlp,312,0.9082
13,mlp,313,0.182
13,mlp,314,0.0936
13,mlp,315,0.0775
13,mlp,316,-0.1567
13,mlp,317,-0.1527
13,mlp,318,0.8432
13,mlp,319,0.7095
13,mlp,320,0.7462
13,mlp,321,-0.6226
13,mlp,322,-0.1577
13,mlp,323,-0.9175
13,attn,0,0.8085
13,attn,1,-0.0948
13,attn,2,0.6432
13,attn,3,-0.0964
13,attn,4,-0.1179
13,attn,5,0.3385
13,attn,6,-0.3325
13,attn,7,-0.2484
13,attn,8,-0.0119
13,attn,9,-0.6736
13,attn,10,-0.2283
13,attn,11,0.0344
13,attn,12,-0.2548
13,attn,13,-0.1296
13,attn,14,-0.1461
13,attn,15,-0.7048
13,attn,16,-0.8429
13,attn,17,-0.2824
13,attn,18,0.5486
13,attn,19,-1.0947
13,attn,20,-0.794
13,attn,21,-0.5151
13,attn,22,-0.3929
13,attn,23,-0.035
13,attn,24,-0.3959
13,attn,25,-0.5546
13,attn,26,-0.6598
13,attn,27,-0.6012
13,attn,28,-0.6993
13,attn,29,0.3692
13,attn,30,-0.9919
13,attn,31,-0.274
13,attn,32,-0.1426
13,attn,33,-0.1978
13,attn,34,-0.7898
13,attn,35,-0.3515
13,attn,36,-0.0265
13,attn,37,0.6166
13,attn,38,0.3103
13,attn,39,-0.6344
13,attn,40,-0.7946
13,attn,41,-0.6351
13,attn,42,-0.0564
13,attn,43,0.1391
13,attn,44,0.0194
13,attn,45,-0.2824
13,attn,46,-0.57
13,attn,47,-0.1657
13,attn,48,0.0557
13,attn,49,-0.4908
13,attn,50,-0.2462
13,attn,51,-0.2922
13,attn,52,0.4262
13,attn,53,0.2962
13,attn,54,-0.0366
13,attn,55,-0.2721
13,attn,56,0.0373
13,attn,57,-0.0549
13,attn,58,0.1512
13,attn,59,-0.136
13,attn,60,0.3545
13,attn,61,0.277
13,attn,62,0.012
13,attn,63,0.0894
13,attn,64,1.1494
13,attn,65,0.0881
13,attn,66,-0.2778
13,attn,67,-0.1065
13,attn,68,0.6408
13,attn,69,0.3759
13,attn,70,-0.0159
13,attn,71,0.028
13,attn,72,0.3377
13,attn,73,-0.2913
13,attn,74,-0.1033
13,attn,75,-0.2102
13,attn,76,0.4665
13,attn,77,0.5921
13,attn,78,0.6018
13,attn,79,-0.2238
13,attn,80,-1.522
13,attn,81,-1.2616
13,attn,82,0.236
13,attn,83,-0.1678
13,attn,84,0.0303
13,attn,85,-0.3803
13,attn,86,-0.9101
13,attn,87,-0.3968
13,attn,88,-0.2116
13,attn,89,-0.1015
13,attn,90,-0.0775
13,attn,91,-0.1103
13,attn,92,0.1045
13,attn,93,-0.54
13,attn,94,-0.2023
13,attn,95,-0.4564
13,attn,96,-0.5121
13,attn,97,-0.2242
13,attn,98,-0.2703
13,attn,99,-0.0779
13,attn,100,0.1263
13,attn,101,-0.035
13,attn,102,0.141
13,attn,103,-0.6572
13,attn,104,-0.0302
13,attn,105,0.2225
13,attn,106,-0.7737
13,attn,107,0.156
13,attn,108,-0.0494
13,attn,109,-0.6098
13,attn,110,-1.2794
13,attn,111,0.1883
13,attn,112,0.047
13,attn,113,-0.3879
13,attn,114,-0.3211
13,attn,115,0.1851
13,attn,116,-0.4611
13,attn,117,-0.5545
13,attn,118,-1.5719
13,attn,119,-0.0243
13,attn,120,-0.241
13,attn,121,0.0759
13,attn,122,-0.3768
13,attn,123,-0.09
13,attn,124,-0.1903
13,attn,125,-0.2243
13,attn,126,-0.0762
13,attn,127,0.129
13,attn,128,-0.4911
13,attn,129,-0.9499
13,attn,130,0.0978
13,attn,131,0.6074
13,attn,132,-0.0765
13,attn,133,-0.5434
13,attn,134,0.0037
13,attn,135,-0.0953
13,attn,136,-0.2439
13,attn,137,-0.3554
13,attn,138,0.5116
13,attn,139,-1.3154
13,attn,140,0.0683
13,attn,141,0.2186
13,attn,142,-0.0562
13,attn,143,-0.0267
13,attn,144,-0.5298
13,attn,145,-0.1745
13,attn,146,-0.9427
13,attn,147,-1.1395
13,attn,148,-0.1711
13,attn,149,-0.1488
13,attn,150,-0.2957
13,attn,151,-0.0087
13,attn,152,-0.2241
13,attn,153,-0.1123
13,attn,154,0.2849
13,attn,155,0.1979
13,attn,156,-0.2573
13,attn,157,-0.9973
13,attn,158,-0.6374
13,attn,159,0.2388
13,attn,160,-0.5734
13,attn,161,-0.2504
13,attn,162,-0.2217
13,attn,163,-0.05
13,attn,164,0.0772
13,attn,165,0.6768
13,attn,166,0.1256
13,attn,167,0.0218
13,attn,168,0.0193
13,attn,169,-0.0089
13,attn,170,0.1408
13,attn,171,-0.3166
13,attn,172,0.789
13,attn,173,-0.7049
13,attn,174,-1.0578
13,attn,175,-0.4229
13,attn,176,-0.2157
13,attn,177,0.0165
13,attn,178,-0.3499
13,attn,179,0.0102
13,attn,180,-0.1712
13,attn,181,-0.3247
13,attn,182,0.2767
13,attn,183,-1.011
13,attn,184,-1.3312
13,attn,185,-0.601
13,attn,186,-0.3579
13,attn,187,-1.4425
13,attn,188,-2.2757
13,attn,189,-0.4805
13,attn,190,-0.6971
13,attn,191,0.1975
13,attn,192,-0.1627
13,attn,193,-0.5223
13,attn,194,-0.0773
13,attn,195,-0.4202
13,attn,196,0.3161
13,attn,197,0.5797
13,attn,198,-0.6768
13,attn,199,-1.3959
13,attn,200,-0.0586
13,attn,201,0.2278
13,attn,202,0.0217
13,attn,203,-0.468
13,attn,204,-0.3996
13,attn,205,0.1196
13,attn,206,0.0911
13,attn,207,-0.611
13,attn,208,-0.2882
13,attn,209,0.5939
13,attn,210,0.9257
13,attn,211,-0.0003
13,attn,212,0.0203
13,attn,213,-0.0959
13,attn,214,0.1656
13,attn,215,0.1098
13,attn,216,0.1892
13,attn,217,-0.0982
13,attn,218,-0.6897
13,attn,219,-0.3491
13,attn,220,-0.2422
13,attn,221,-0.3534
13,attn,222,-0.6566
13,attn,223,-0.4559
13,attn,224,-0.2536
13,attn,225,-0.8657
13,attn,226,-0.2181
13,attn,227,-0.1191
13,attn,228,-0.2653
13,attn,229,-0.141
13,attn,230,-0.2924
13,attn,231,-0.6639
13,attn,232,-0.0292
13,attn,233,-1.3631
13,attn,234,-0.3816
13,attn,235,-0.128
13,attn,236,0.5295
13,attn,237,-0.1336
13,attn,238,-0.5495
13,attn,239,-0.0095
13,attn,240,-0.1671
13,attn,241,0.6317
13,attn,242,-1.1
13,attn,243,-0.8952
13,attn,244,-1.3661
13,attn,245,-0.1538
13,attn,246,-0.0364
13,attn,247,0.2223
13,attn,248,-1.1967
13,attn,249,-1.2305
13,attn,250,0.3112
13,attn,251,-0.8548
13,attn,252,-1.0923
13,attn,253,-0.1703
13,attn,254,-0.6951
13,attn,255,-0.9163
13,attn,256,-0.6993
13,attn,257,-0.1112
13,attn,258,0.0946
13,attn,259,-0.7301
13,attn,260,-0.9993
13,attn,261,-0.293
13,attn,262,-0.2452
13,attn,263,0.1906
13,attn,264,-0.8446
13,attn,265,-0.86
13,attn,266,-0.4787
13,attn,267,-0.4285
13,attn,268,0.0058
13,attn,269,-0.5847
13,attn,270,-0.0653
13,attn,271,-0.3415
13,attn,272,-0.2905
13,attn,273,0.1189
13,attn,274,-0.9909
13,attn,275,-0.6246
13,attn,276,0.0645
13,attn,277,0.1601
13,attn,278,-0.4548
13,attn,279,-1.4413
13,attn,280,-0.8918
13,attn,281,0.565
13,attn,282,-1.0663
13,attn,283,0.4989
13,attn,284,-1.2801
13,attn,285,-0.5146
13,attn,286,0.2533
13,attn,287,-0.3707
13,attn,288,-0.9503
13,attn,289,-0.8929
13,attn,290,-0.0243
13,attn,291,0.0472
13,attn,292,0.3044
13,attn,293,-0.5984
13,attn,294,0.1201
13,attn,295,0.4063
13,attn,296,-0.7138
13,attn,297,-0.4596
13,attn,298,0.1638
13,attn,299,-1.1653
13,attn,300,0.3968
13,attn,301,-0.5928
13,attn,302,-1.0794
13,attn,303,-0.4867
13,attn,304,-0.0551
13,attn,305,0.0457
13,attn,306,-0.0636
13,attn,307,-0.2234
13,attn,308,-0.1959
13,attn,309,0.0075
13,attn,310,0.3109
13,attn,311,-1.2588
13,attn,312,0.1816
13,attn,313,0.4739
13,attn,314,-0.0193
13,attn,315,0.7421
13,attn,316,-0.0745
13,attn,317,-0.926
13,attn,318,-2.2241
13,attn,319,-1.1761
13,attn,320,-1.2093
13,attn,321,-2.9697
13,attn,322,-0.5918
13,attn,323,-1.0274
14,mlp,0,0.3907
14,mlp,1,0.0435
14,mlp,2,0.0535
14,mlp,3,-0.0577
14,mlp,4,-0.7391
14,mlp,5,-0.1807
14,mlp,6,-0.2493
14,mlp,7,-0.1838
14,mlp,8,0.0092
14,mlp,9,-0.8881
14,mlp,10,-0.342
14,mlp,11,-0.2583
14,mlp,12,-0.1479
14,mlp,13,0.123
14,mlp,14,-0.0389
14,mlp,15,-1.302
14,mlp,16,0.041
14,mlp,17,-0.0583
14,mlp,18,0.0435
14,mlp,19,-0.5805
14,mlp,20,-1.0727
14,mlp,21,-1.041
14,mlp,22,-0.4146
14,mlp,23,0.0351
14,mlp,24,-0.1865
14,mlp,25,0.1805
14,mlp,26,-0.2568
14,mlp,27,0.0433
14,mlp,28,0.0895
14,mlp,29,0.1038
14,mlp,30,0.3814
14,mlp,31,0.5363
14,mlp,32,-0.3463
14,mlp,33,-0.373
14,mlp,34,0.3793
14,mlp,35,-0.4676
14,mlp,36,-0.2316
14,mlp,37,-0.1276
14,mlp,38,0.1629
14,mlp,39,-0.9158
14,mlp,40,-0.6038
14,mlp,41,0.3303
14,mlp,42,-1.1362
14,mlp,43,-0.3275
14,mlp,44,0.0887
14,mlp,45,-0.0947
14,mlp,46,1.2481
14,mlp,47,-0.4786
14,mlp,48,0.4482
14,mlp,49,1.3089
14,mlp,50,-0.3324
14,mlp,51,0.6056
14,mlp,52,-0.0424
14,mlp,53,-0.01
14,mlp,54,-0.0481
14,mlp,55,0.4044
14,mlp,56,0.4
14,mlp,57,0.0265
14,mlp,58,0.0675
14,mlp,59,0.4717
14,mlp,60,-1.0373
14,mlp,61,-0.6905
14,mlp,62,-0.6238
14,mlp,63,-0.0018
14,mlp,64,0.1755
14,mlp,65,0.1067
14,mlp,66,-0.015
14,mlp,67,-0.2345
14,mlp,68,0.6187
14,mlp,69,-0.6194
14,mlp,70,-0.7875
14,mlp,71,-0.5954
14,mlp,72,-0.8056
14,mlp,73,-0.1028
14,mlp,74,0.332
14,mlp,75,-0.7097
14,mlp,76,0.0272
14,mlp,77,-0.1855
14,mlp,78,0.05
14,mlp,79,0.7451
14,mlp,80,-0.5313
14,mlp,81,-0.4874
14,mlp,82,-0.1267
14,mlp,83,-0.8235
14,mlp,84,-0.0126
14,mlp,85,0.0781
14,mlp,86,0.2802
14,mlp,87,-0.4245
14,mlp,88,-0.3818
14,mlp,89,0.0957
14,mlp,90,-0.1186
14,mlp,91,-0.2683
14,mlp,92,-0.4846
14,mlp,93,-0.482
14,mlp,94,-0.3595
14,mlp,95,-0.7868
14,mlp,96,0.3275
14,mlp,97,-0.5279
14,mlp,98,-0.964
14,mlp,99,-0.0478
14,mlp,100,-1.0352
14,mlp,101,-0.3199
14,mlp,102,0.053
14,mlp,103,-0.044
14,mlp,104,0.1803
14,mlp,105,0.0786
14,mlp,106,0.3374
14,mlp,107,0.3466
14,mlp,108,-0.2102
14,mlp,109,-0.061
14,mlp,110,0.1849
14,mlp,111,-0.2769
14,mlp,112,-0.4347
14,mlp,113,0.7071
14,mlp,114,0.0875
14,mlp,115,-0.1777
14,mlp,116,-0.16
14,mlp,117,-0.603
14,mlp,118,-0.1841
14,mlp,119,-0.0535
14,mlp,120,-0.5789
14,mlp,121,-0.2635
14,mlp,122,-0.2184
14,mlp,123,-0.6872
14,mlp,124,-0.2997
14,mlp,125,-0.7007
14,mlp,126,-0.2627
14,mlp,127,1.3837
14,mlp,128,0.1098
14,mlp,129,-1.7753
14,mlp,130,-0.1447
14,mlp,131,0.5786
14,mlp,132,-0.1744
14,mlp,133,-0.733
14,mlp,134,-0.6276
14,mlp,135,-0.7805
14,mlp,136,0.0539
14,mlp,137,0.1375
14,mlp,138,-0.0072
14,mlp,139,-0.0172
14,mlp,140,-0.2741
14,mlp,141,0.0056
14,mlp,142,-0.207
14,mlp,143,-0.0064
14,mlp,144,-0.0884
14,mlp,145,-0.1512
14,mlp,146,0.5586
14,mlp,147,-0.9191
14,mlp,148,-0.9974
14,mlp,149,-0.0809
14,mlp,150,-0.2313
14,mlp,151,0.1869
14,mlp,152,-0.4344
14,mlp,153,0.1278
14,mlp,154,-0.8179
14,mlp,155,-0.1846
14,mlp,156,0.0816
14,mlp,157,0.6055
14,mlp,158,-0.2611
14,mlp,159,0.0436
14,mlp,160,-0.0745
14,mlp,161,-0.0506
14,mlp,162,-0.5752
14,mlp,163,0.019
14,mlp,164,-0.1057
14,mlp,165,0.9715
14,mlp,166,-0.2508
14,mlp,167,0.0477
14,mlp,168,0.3976
14,mlp,169,0.0797
14,mlp,170,0.1759
14,mlp,171,-3.3997
14,mlp,172,0.3137
14,mlp,173,0.7119
14,mlp,174,-0.1844
14,mlp,175,-0.2021
14,mlp,176,-0.3146
14,mlp,177,0.1797
14,mlp,178,-0.0842
14,mlp,179,0.0987
14,mlp,180,-0.3297
14,mlp,181,-0.221
14,mlp,182,0.0413
14,mlp,183,0.524
14,mlp,184,0.1198
14,mlp,185,-1.9327
14,mlp,186,-0.1188
14,mlp,187,-0.7369
14,mlp,188,-1.4652
14,mlp,189,-2.2293
14,mlp,190,-0.3414
14,mlp,191,0.2539
14,mlp,192,-0.3771
14,mlp,193,0.3397
14,mlp,194,-0.5741
14,mlp,195,-1.1204
14,mlp,196,0.3102
14,mlp,197,0.4158
14,mlp,198,0.4643
14,mlp,199,-0.3117
14,mlp,200,-0.0528
14,mlp,201,-0.5229
14,mlp,202,-0.4079
14,mlp,203,-0.6629
14,mlp,204,0.4014
14,mlp,205,-0.154
14,mlp,206,0.1873
14,mlp,207,0.8245
14,mlp,208,-0.3607
14,mlp,209,-0.5814
14,mlp,210,-0.7892
14,mlp,211,0.2149
14,mlp,212,-0.3059
14,mlp,213,-0.1157
14,mlp,214,-0.314
14,mlp,215,-0.2057
14,mlp,216,-1.1136
14,mlp,217,-0.4967
14,mlp,218,-0.2111
14,mlp,219,-0.193
14,mlp,220,0.7761
14,mlp,221,-0.0922
14,mlp,222,-0.6914
14,mlp,223,-1.1819
14,mlp,224,0.1232
14,mlp,225,0.1782
14,mlp,226,-0.091
14,mlp,227,-0.281
14,mlp,228,0.222
14,mlp,229,0.3739
14,mlp,230,-0.5388
14,mlp,231,-0.2836
14,mlp,232,-0.0972
14,mlp,233,0.1205
14,mlp,234,-0.4109
14,mlp,235,-0.033
14,mlp,236,0.4627
14,mlp,237,-0.2503
14,mlp,238,-0.0739
14,mlp,239,-0.347
14,mlp,240,0.159
14,mlp,241,-0.813
14,mlp,242,0.053
14,mlp,243,0.6626
14,mlp,244,0.9395
14,mlp,245,-0.4684
14,mlp,246,1.1625
14,mlp,247,1.1605
14,mlp,248,-0.1739
14,mlp,249,-1.1135
14,mlp,250,0.138
14,mlp,251,-1.1296
14,mlp,252,-0.3185
14,mlp,253,-0.0418
14,mlp,254,0.41
14,mlp,255,-0.3426
14,mlp,256,1.0611
14,mlp,257,0.1019
14,mlp,258,0.2084
14,mlp,259,-0.2409
14,mlp,260,-0.0439
14,mlp,261,-1.0357
14,mlp,262,-0.925
14,mlp,263,-0.1643
14,mlp,264,-1.2062
14,mlp,265,0.3483
14,mlp,266,0.5281
14,mlp,267,-0.0634
14,mlp,268,-0.1212
14,mlp,269,1.5093
14,mlp,270,-0.2051
14,mlp,271,-0.559
14,mlp,272,-0.1296
14,mlp,273,-0.2544
14,mlp,274,-0.0782
14,mlp,275,-0.5833
14,mlp,276,-0.0144
14,mlp,277,-0.3546
14,mlp,278,0.4238
14,mlp,279,-0.0086
14,mlp,280,-0.5438
14,mlp,281,0.4487
14,mlp,282,-0.1785
14,mlp,283,-0.0848
14,mlp,284,-0.1466
14,mlp,285,0.9954
14,mlp,286,-0.0855
14,mlp,287,-0.6664
14,mlp,288,-0.7389
14,mlp,289,-0.5583
14,mlp,290,-0.2299
14,mlp,291,0.1047
14,mlp,292,0.2691
14,mlp,293,0.3678
14,mlp,294,-0.316
14,mlp,295,-0.2135
14,mlp,296,0.0253
14,mlp,297,-0.4804
14,mlp,298,-0.2471
14,mlp,299,-0.4251
14,mlp,300,0.1104
14,mlp,301,-0.0505
14,mlp,302,-1.0574
14,mlp,303,-0.3228
14,mlp,304,-0.4566
14,mlp,305,-1.3714
14,mlp,306,-0.0601
14,mlp,307,-0.0233
14,mlp,308,0.0235
14,mlp,309,0.9261
14,mlp,310,-0.0278
14,mlp,311,0.3133
14,mlp,312,-0.3989
14,mlp,313,-0.2726
14,mlp,314,0.0382
14,mlp,315,0.1571
14,mlp,316,-0.3381
14,mlp,317,-0.697
14,mlp,318,-0.0937
14,mlp,319,0.1352
14,mlp,320,-0.976
14,mlp,321,-1.2948
14,mlp,322,-0.6065
14,mlp,323,-0.9315
14,attn,0,0.8414
14,attn,1,0.0503
14,attn,2,0.4166
14,attn,3,0.1117
14,attn,4,0.0797
14,attn,5,0.6857
14,attn,6,0.5678
14,attn,7,0.2813
14,attn,8,-0.0471
14,attn,9,0.1031
14,attn,10,-0.2333
14,attn,11,0.237
14,attn,12,0.089
14,attn,13,-0.0182
14,attn,14,0.007
14,attn,15,0.2412
14,attn,16,0.1338
14,attn,17,0.0101
14,attn,18,-0.1493
14,attn,19,-0.5817
14,attn,20,0.1857
14,attn,21,-0.0576
14,attn,22,-0.0783
14,attn,23,-0.2101
14,attn,24,-0.0319
14,attn,25,0.4069
14,attn,26,0.268
14,attn,27,0.1791
14,attn,28,-0.1551
14,attn,29,-0.0376
14,attn,30,0.3225
14,attn,31,0.8304
14,attn,32,0.0529
14,attn,33,-0.1525
14,attn,34,0.0105
14,attn,35,0.3282
14,attn,36,0.0591
14,attn,37,0.1922
14,attn,38,-0.4277
14,attn,39,0.3668
14,attn,40,-0.37
14,attn,41,-0.8032
14,attn,42,-0.1094
14,attn,43,-0.1086
14,attn,44,-0.0546
14,attn,45,-0.1838
14,attn,46,0.1766
14,attn,47,-0.1013
14,attn,48,-0.1366
14,attn,49,-0.0067
14,attn,50,0.0394
14,attn,51,-0.1764
14,attn,52,-0.302
14,attn,53,-0.3934
14,attn,54,-0.0564
14,attn,55,0.078
14,attn,56,-0.5244
14,attn,57,0.0604
14,attn,58,0.1817
14,attn,59,-0.5706
14,attn,60,-0.2456
14,attn,61,0.2725
14,attn,62,-0.2107
14,attn,63,-0.1839
14,attn,64,-0.242
14,attn,65,0.0394
14,attn,66,0.2408
14,attn,67,-0.0751
14,attn,68,0.0182
14,attn,69,0.1185
14,attn,70,0.1433
14,attn,71,0.1066
14,attn,72,-0.0832
14,attn,73,0.1748
14,attn,74,-0.4189
14,attn,75,-0.2703
14,attn,76,-0.0672
14,attn,77,0.7429
14,attn,78,-0.0295
14,attn,79,0.1663
14,attn,80,0.3025
14,attn,81,-0.0007
14,attn,82,-0.0858
14,attn,83,0.0389
14,attn,84,-0.0625
14,attn,85,0.2588
14,attn,86,-0.0824
14,attn,87,0.0388
14,attn,88,-0.0078
14,attn,89,0.1312
14,attn,90,-0.3412
14,attn,91,-0.0889
14,attn,92,0.0644
14,attn,93,-0.1905
14,attn,94,-0.3446
14,attn,95,-0.0739
14,attn,96,-0.0434
14,attn,97,0.4206
14,attn,98,0.424
14,attn,99,-0.0943
14,attn,100,-0.4965
14,attn,101,-0.0255
14,attn,102,-0.0631
14,attn,103,-0.149
14,attn,104,-0.5034
14,attn,105,-0.0586
14,attn,106,0.0046
14,attn,107,-0.5186
14,attn,108,-0.3254
14,attn,109,-0.4362
14,attn,110,-0.0567
14,attn,111,0.081
14,attn,112,-0.0395
14,attn,113,-0.4277
14,attn,114,0.093
14,attn,115,0.0261
14,attn,116,-0.1159
14,attn,117,0.293
14,attn,118,0.3023
14,attn,119,-0.0258
14,attn,120,0.0957
14,attn,121,0.1141
14,attn,122,-0.1448
14,attn,123,0.1633
14,attn,124,0.1962
14,attn,125,-0.0436
14,attn,126,0.1659
14,attn,127,-0.8664
14,attn,128,-0.9602
14,attn,129,-0.7055
14,attn,130,0.044
14,attn,131,-0.1793
14,attn,132,-0.0905
14,attn,133,0.1713
14,attn,134,-0.1284
14,attn,135,0.2308
14,attn,136,-0.071
14,attn,137,-0.803
14,attn,138,-0.1006
14,attn,139,-1.0593
14,attn,140,-0.0914
14,attn,141,0.0251
14,attn,142,0.2467
14,attn,143,-0.0857
14,attn,144,0.0727
14,attn,145,0.1085
14,attn,146,-0.627
14,attn,147,-0.0177
14,attn,148,0.6516
14,attn,149,0.2715
14,attn,150,0.0874
14,attn,151,-0.2059
14,attn,152,-0.4887
14,attn,153,0.0817
14,attn,154,-0.1535
14,attn,155,-0.4409
14,attn,156,-0.0732
14,attn,157,-0.0527
14,attn,158,-0.7593
14,attn,159,-0.1126
14,attn,160,-1.6224
14,attn,161,1.0148
14,attn,162,-0.8515
14,attn,163,-0.6852
14,attn,164,-0.2132
14,attn,165,-0.1286
14,attn,166,-0.068
14,attn,167,-0.0579
14,attn,168,0.0837
14,attn,169,-0.2434
14,attn,170,0.1711
14,attn,171,1.2404
14,attn,172,-0.1431
14,attn,173,0.2869
14,attn,174,-0.0575
14,attn,175,-0.7077
14,attn,176,0.0961
14,attn,177,0.361
14,attn,178,-0.3673
14,attn,179,0.2073
14,attn,180,0.0598
14,attn,181,0.1403
14,attn,182,-0.1033
14,attn,183,-0.0652
14,attn,184,-0.493
14,attn,185,-0.5563
14,attn,186,0.0734
14,attn,187,0.6476
14,attn,188,0.7749
14,attn,189,0.3441
14,attn,190,0.1036
14,attn,191,-0.0119
14,attn,192,-0.0323
14,attn,193,0.3369
14,attn,194,-1.1077
14,attn,195,0.2716
14,attn,196,0.2586
14,attn,197,0.1303
14,attn,198,-0.4729
14,attn,199,-0.262
14,attn,200,-0.0366
14,attn,201,-0.5726
14,attn,202,0.0255
14,attn,203,-0.1724
14,attn,204,-0.0676
14,attn,205,-0.0189
14,attn,206,0.0423
14,attn,207,-0.2953
14,attn,208,-0.2476
14,attn,209,0.1575
14,attn,210,-0.191
14,attn,211,0.0917
14,attn,212,-0.1569
14,attn,213,0.1533
14,attn,214,0.0684
14,attn,215,-0.0547
14,attn,216,-0.4942
14,attn,217,-0.0369
14,attn,218,0.2466
14,attn,219,0.1589
14,attn,220,-0.5543
14,attn,221,-0.5203
14,attn,222,-0.277
14,attn,223,-0.2173
14,attn,224,-0.0032
14,attn,225,-0.1317
14,attn,226,0.2259
14,attn,227,-0.5672
14,attn,228,-0.1725
14,attn,229,-0.1572
14,attn,230,0.3878
14,attn,231,-0.7751
14,attn,232,0.2752
14,attn,233,0.0153
14,attn,234,0.0533
14,attn,235,0.087
14,attn,236,0.4989
14,attn,237,-0.117
14,attn,238,-0.0766
14,attn,239,0.5251
14,attn,240,0.2174
14,attn,241,0.0638
14,attn,242,0.4319
14,attn,243,0.4693
14,attn,244,-0.9228
14,attn,245,0.2618
14,attn,246,0.1281
14,attn,247,0.3655
14,attn,248,-0.2157
14,attn,249,-0.9026
14,attn,250,0.0753
14,attn,251,1.0431
14,attn,252,-0.3039
14,attn,253,-0.0327
14,attn,254,-0.0884
14,attn,255,0.1964
14,attn,256,0.5562
14,attn,257,0.0102
14,attn,258,0.05
14,attn,259,-0.1742
14,attn,260,-0.3557
14,attn,261,-0.4604
14,attn,262,0.2154
14,attn,263,0.1681
14,attn,264,-0.3418
14,attn,265,0.648
14,attn,266,-0.2784
14,attn,267,0.0203
14,attn,268,0.0418
14,attn,269,-0.6072
14,attn,270,0.1475
14,attn,271,-0.0681
14,attn,272,0.0773
14,attn,273,0.2644
14,attn,274,0.433
14,attn,275,0.5454
14,attn,276,0.1158
14,attn,277,-0.0058
14,attn,278,0.1057
14,attn,279,-0.3491
14,attn,280,-0.6195
14,attn,281,0.0078
14,attn,282,-0.5585
14,attn,283,0.0287
14,attn,284,-0.7513
14,attn,285,-0.3993
14,attn,286,0.0726
14,attn,287,-0.2811
14,attn,288,-0.187
14,attn,289,-0.1528
14,attn,290,-0.5098
14,attn,291,0.2436
14,attn,292,0.1685
14,attn,293,-0.0565
14,attn,294,0.0617
14,attn,295,0.1924
14,attn,296,0.1011
14,attn,297,-0.059
14,attn,298,0.0332
14,attn,299,-1.0364
14,attn,300,-0.1341
14,attn,301,-0.7306
14,attn,302,-1.0698
14,attn,303,-0.9482
14,attn,304,-0.0249
14,attn,305,-0.2282
14,attn,306,0.1062
14,attn,307,0.3571
14,attn,308,0.422
14,attn,309,0.0746
14,attn,310,-0.3372
14,attn,311,-0.6391
14,attn,312,-0.3426
14,attn,313,-0.1017
14,attn,314,0.1864
14,attn,315,0.129
14,attn,316,0.3575
14,attn,317,0.2808
14,attn,318,1.1457
14,attn,319,0.7125
14,attn,320,0.17
14,attn,321,-0.5296
14,attn,322,-1.1496
14,attn,323,-0.7554
15,mlp,0,1.9087
15,mlp,1,0.1597
15,mlp,2,-0.0672
15,mlp,3,-0.2381
15,mlp,4,0.2993
15,mlp,5,-0.8607
15,mlp,6,-0.7147
15,mlp,7,0.1627
15,mlp,8,0.0001
15,mlp,9,0.2665
15,mlp,10,0.2887
15,mlp,11,-0.0742
15,mlp,12,0.2883
15,mlp,13,0.2786
15,mlp,14,0.2764
15,mlp,15,-0.607
15,mlp,16,-0.1236
15,mlp,17,0.2093
15,mlp,18,-0.1302
15,mlp,19,0.8663
15,mlp,20,0.0676
15,mlp,21,-0.0842
15,mlp,22,-0.0271
15,mlp,23,-0.1568
15,mlp,24,0.2401
15,mlp,25,0.4434
15,mlp,26,0.3113
15,mlp,27,0.0535
15,mlp,28,0.98
15,mlp,29,0.299
15,mlp,30,0.6249
15,mlp,31,-0.0033
15,mlp,32,0.4634
15,mlp,33,0.1807
15,mlp,34,-0.2399
15,mlp,35,0.6088
15,mlp,36,0.2636
15,mlp,37,0.6136
15,mlp,38,0.2143
15,mlp,39,-0.1433
15,mlp,40,0.205
15,mlp,41,1.2427
15,mlp,42,-0.2853
15,mlp,43,0.0256
15,mlp,44,0.1283
15,mlp,45,0.4612
15,mlp,46,0.2914
15,mlp,47,0.4979
15,mlp,48,0.659
15,mlp,49,0.7325
15,mlp,50,0.0288
15,mlp,51,0.1262
15,mlp,52,0.2754
15,mlp,53,0.3541
15,mlp,54,0.1038
15,mlp,55,0.6965
15,mlp,56,1.2748
15,mlp,57,0.278
15,mlp,58,0.108
15,mlp,59,0.3739
15,mlp,60,-0.6018
15,mlp,61,-0.0704
15,mlp,62,0.4688
15,mlp,63,0.2478
15,mlp,64,1.3983
15,mlp,65,0.2715
15,mlp,66,0.2333
15,mlp,67,0.3741
15,mlp,68,0.5177
15,mlp,69,0.2731
15,mlp,70,-0.2793
15,mlp,71,-0.5438
15,mlp,72,-0.8367
15,mlp,73,0.1374
15,mlp,74,0.1635
15,mlp,75,-0.6454
15,mlp,76,0.1299
15,mlp,77,1.4462
15,mlp,78,0.4285
15,mlp,79,1.3975
15,mlp,80,0.6249
15,mlp,81,0.2008
15,mlp,82,0.0018
15,mlp,83,-0.0806
15,mlp,84,0.1567
15,mlp,85,-0.4151
15,mlp,86,1.1749
15,mlp,87,-0.2856
15,mlp,88,0.1169
15,mlp,89,0.1519
15,mlp,90,-0.2556
15,mlp,91,0.2034
15,mlp,92,-0.0294
15,mlp,93,-0.3639
15,mlp,94,0.062
15,mlp,95,-0.0804
15,mlp,96,0.273
15,mlp,97,-0.1143
15,mlp,98,0.2717
15,mlp,99,0.235
15,mlp,100,-0.6003
15,mlp,101,0.0794
15,mlp,102,0.2878
15,mlp,103,1.1747
15,mlp,104,1.1459
15,mlp,105,0.2868
15,mlp,106,1.0491
15,mlp,107,0.4274
15,mlp,108,0.8944
15,mlp,109,0.47
15,mlp,110,0.3675
15,mlp,111,0.5405
15,mlp,112,0.1728
15,mlp,113,1.0957
15,mlp,114,0.5349
15,mlp,115,0.2264
15,mlp,116,0.1386
15,mlp,117,-0.223
15,mlp,118,0.3095
15,mlp,119,0.4083
15,mlp,120,-0.4827
15,mlp,121,0.1644
15,mlp,122,-0.4093
15,mlp,123,-0.1543
15,mlp,124,0.4419
15,mlp,125,-0.3532
15,mlp,126,0.2124
15,mlp,127,2.1167
15,mlp,128,1.3191
15,mlp,129,-0.0673
15,mlp,130,0.3727
15,mlp,131,0.322
15,mlp,132,0.5152
15,mlp,133,-0.09
15,mlp,134,-0.0427
15,mlp,135,0.3847
15,mlp,136,0.5982
15,mlp,137,0.4109
15,mlp,138,0.9179
15,mlp,139,0.5814
15,mlp,140,0.1823
15,mlp,141,0.1363
15,mlp,142,0.2284
15,mlp,143,0.1752
15,mlp,144,0.0871
15,mlp,145,-0.1312
15,mlp,146,1.0554
15,mlp,147,0.4416
15,mlp,148,-1.5105
15,mlp,149,-0.1852
15,mlp,150,0.2699
15,mlp,151,-0.486
15,mlp,152,0.1223
15,mlp,153,-0.1211
15,mlp,154,0.2045
15,mlp,155,0.0758
15,mlp,156,0.0138
15,mlp,157,0.6927
15,mlp,158,0.8318
15,mlp,159,0.1664
15,mlp,160,0.7022
15,mlp,161,0.0242
15,mlp,162,0.3987
15,mlp,163,0.1477
15,mlp,164,-0.1837
15,mlp,165,0.073
15,mlp,166,0.1715
15,mlp,167,0.1913
15,mlp,168,0.0745
15,mlp,169,0.1963
15,mlp,170,0.2948
15,mlp,171,1.2965
15,mlp,172,0.5753
15,mlp,173,0.5069
15,mlp,174,0.7824
15,mlp,175,0.3239
15,mlp,176,-0.0251
15,mlp,177,0.0846
15,mlp,178,-0.0306
15,mlp,179,0.2162
15,mlp,180,0.1028
15,mlp,181,1.0226
15,mlp,182,0.3622
15,mlp,183,0.6312
15,mlp,184,1.658
15,mlp,185,0.2043
15,mlp,186,0.117
15,mlp,187,0.8257
15,mlp,188,0.4823
15,mlp,189,-1.6574
15,mlp,190,0.6553
15,mlp,191,0.1556
15,mlp,192,-0.1264
15,mlp,193,1.0921
15,mlp,194,-0.3917
15,mlp,195,0.0208
15,mlp,196,0.4154
15,mlp,197,-0.104
15,mlp,198,0.2334
15,mlp,199,0.8445
15,mlp,200,-0.2227
15,mlp,201,-0.2415
15,mlp,202,-0.1538
15,mlp,203,-0.2574
15,mlp,204,1.2381
15,mlp,205,-0.0495
15,mlp,206,0.069
15,mlp,207,1.0886
15,mlp,208,0.057
15,mlp,209,-0.5448
15,mlp,210,0.1629
15,mlp,211,0.3616
15,mlp,212,-0.1481
15,mlp,213,0.3676
15,mlp,214,0.1412
15,mlp,215,0.4944
15,mlp,216,-0.4253
15,mlp,217,0.1645
15,mlp,218,0.69
15,mlp,219,0.0637
15,mlp,220,1.943
15,mlp,221,0.3549
15,mlp,222,-0.7071
15,mlp,223,-0.3577
15,mlp,224,0.2928
15,mlp,225,0.4069
15,mlp,226,-0.0826
15,mlp,227,-0.8611
15,mlp,228,-0.2826
15,mlp,229,0.0837
15,mlp,230,0.0399
15,mlp,231,1.0605
15,mlp,232,0.2682
15,mlp,233,-0.4553
15,mlp,234,-0.1376
15,mlp,235,0.2704
15,mlp,236,-0.0454
15,mlp,237,0.4491
15,mlp,238,0.317
15,mlp,239,-0.0132
15,mlp,240,0.4962
15,mlp,241,-0.24
15,mlp,242,0.8324
15,mlp,243,0.7539
15,mlp,244,1.6475
15,mlp,245,0.3204
15,mlp,246,-0.0317
15,mlp,247,0.4486
15,mlp,248,0.0245
15,mlp,249,-0.3239
15,mlp,250,0.3905
15,mlp,251,1.7229
15,mlp,252,0.6114
15,mlp,253,0.5826
15,mlp,254,1.2503
15,mlp,255,0.1249
15,mlp,256,0.3487
15,mlp,257,-0.4774
15,mlp,258,0.0056
15,mlp,259,0.1311
15,mlp,260,-0.0494
15,mlp,261,-0.7572
15,mlp,262,-0.0593
15,mlp,263,-0.2005
15,mlp,264,0.7862
15,mlp,265,0.5817
15,mlp,266,0.9856
15,mlp,267,-0.1645
15,mlp,268,0.0895
15,mlp,269,1.6335
15,mlp,270,0.2966
15,mlp,271,-0.0901
15,mlp,272,-0.1734
15,mlp,273,0.3255
15,mlp,274,0.7798
15,mlp,275,1.2127
15,mlp,276,-0.0068
15,mlp,277,0.0322
15,mlp,278,0.1878
15,mlp,279,1.2415
15,mlp,280,0.2264
15,mlp,281,0.8655
15,mlp,282,0.2363
15,mlp,283,0.5843
15,mlp,284,0.686
15,mlp,285,1.4664
15,mlp,286,0.0037
15,mlp,287,0.5761
15,mlp,288,-0.1154
15,mlp,289,-1.4143
15,mlp,290,0.1798
15,mlp,291,0.3169
15,mlp,292,0.4595
15,mlp,293,0.2927
15,mlp,294,-0.0912
15,mlp,295,-0.1388
15,mlp,296,-0.7075
15,mlp,297,-0.1873
15,mlp,298,0.3859
15,mlp,299,-0.3876
15,mlp,300,0.1126
15,mlp,301,0.5685
15,mlp,302,-0.5486
15,mlp,303,-0.4549
15,mlp,304,0.0972
15,mlp,305,-0.2304
15,mlp,306,0.1871
15,mlp,307,0.5755
15,mlp,308,0.172
15,mlp,309,1.5117
15,mlp,310,-0.2884
15,mlp,311,1.3562
15,mlp,312,-0.669
15,mlp,313,0.0871
15,mlp,314,0.1124
15,mlp,315,0.2084
15,mlp,316,0.104
15,mlp,317,0.5732
15,mlp,318,-0.7615
15,mlp,319,0.6874
15,mlp,320,-0.0694
15,mlp,321,-2.056
15,mlp,322,0.0352
15,mlp,323,0.3653
15,attn,0,0.6853
15,attn,1,0.019
15,attn,2,0.1061
15,attn,3,0.0339
15,attn,4,-0.0766
15,attn,5,0.0993
15,attn,6,0.4472
15,attn,7,0.0473
15,attn,8,-0.1146
15,attn,9,0.5566
15,attn,10,0.015
15,attn,11,-0.2884
15,attn,12,0.1731
15,attn,13,0.1621
15,attn,14,0.0576
15,attn,15,0.3025
15,attn,16,-0.5367
15,attn,17,-0.0765
15,attn,18,0.6076
15,attn,19,-1.0537
15,attn,20,-0.3898
15,attn,21,0.3151
15,attn,22,-0.0423
15,attn,23,-0.0058
15,attn,24,0.0895
15,attn,25,-0.585
15,attn,26,0.0563
15,attn,27,-0.2541
15,attn,28,-0.9109
15,attn,29,-0.094
15,attn,30,-0.3415
15,attn,31,0.0397
15,attn,32,0.1322
15,attn,33,0.1098
15,attn,34,-0.0762
15,attn,35,-0.3878
15,attn,36,0.3058
15,attn,37,-0.1848
15,attn,38,0.334
15,attn,39,-0.9316
15,attn,40,0.007
15,attn,41,0.422
15,attn,42,0.1616
15,attn,43,0.0659
15,attn,44,0.0401
15,attn,45,-0.1041
15,attn,46,0.0568
15,attn,47,-0.4532
15,attn,48,-0.0729
15,attn,49,-0.0087
15,attn,50,-0.0081
15,attn,51,-0.0674
15,attn,52,-0.0451
15,attn,53,-0.0994
15,attn,54,0.0698
15,attn,55,-0.0644
15,attn,56,-0.3345
15,attn,57,0.1405
15,attn,58,0.1955
15,attn,59,0.299
15,attn,60,0.8997
15,attn,61,0.5047
15,attn,62,0.1882
15,attn,63,0.0482
15,attn,64,0.0956
15,attn,65,0.1033
15,attn,66,0.0727
15,attn,67,-0.1056
15,attn,68,0.9412
15,attn,69,-0.4662
15,attn,70,0.1075
15,attn,71,0.0535
15,attn,72,-0.0869
15,attn,73,-0.0214
15,attn,74,0.459
15,attn,75,0.2108
15,attn,76,0.3058
15,attn,77,0.0167
15,attn,78,0.03
15,attn,79,-0.2895
15,attn,80,-0.282
15,attn,81,-0.1248
15,attn,82,0.0653
15,attn,83,-0.6201
15,attn,84,0.0001
15,attn,85,0.0341
15,attn,86,-0.1813
15,attn,87,-0.0823
15,attn,88,-0.2942
15,attn,89,0.1116
15,attn,90,0.0566
15,attn,91,0.0994
15,attn,92,0.067
15,attn,93,-0.7488
15,attn,94,-0.5349
15,attn,95,0.1154
15,attn,96,0.1238
15,attn,97,-0.1541
15,attn,98,-0.0368
15,attn,99,-0.0873
15,attn,100,-0.2725
15,attn,101,-0.043
15,attn,102,-0.0212
15,attn,103,-0.4728
15,attn,104,-0.3957
15,attn,105,0.0461
15,attn,106,-0.4653
15,attn,107,-0.53
15,attn,108,0.1684
15,attn,109,0.0442
15,attn,110,-0.3429
15,attn,111,-0.0104
15,attn,112,0.1747
15,attn,113,-0.114
15,attn,114,-0.0208
15,attn,115,-0.1552
15,attn,116,-0.1301
15,attn,117,-0.2941
15,attn,118,-0.2304
15,attn,119,-0.119
15,attn,120,-0.0272
15,attn,121,0.0027
15,attn,122,-0.3056
15,attn,123,-0.1613
15,attn,124,-0.7221
15,attn,125,-0.2259
15,attn,126,-0.1242
15,attn,127,-1.103
15,attn,128,-1.4438
15,attn,129,0.2734
15,attn,130,-0.1196
15,attn,131,-0.075
15,attn,132,-0.1074
15,attn,133,-0.0119
15,attn,134,0.1002
15,attn,135,-0.1702
15,attn,136,-0.0185
15,attn,137,-0.2254
15,attn,138,-0.4659
15,attn,139,-0.8006
15,attn,140,0.0591
15,attn,141,-0.0149
15,attn,142,-0.0906
15,attn,143,0.0948
15,attn,144,-0.7302
15,attn,145,-0.0647
15,attn,146,-0.6591
15,attn,147,-0.4283
15,attn,148,0.5392
15,attn,149,0.052
15,attn,150,0.151
15,attn,151,0.0207
15,attn,152,-0.0271
15,attn,153,0.062
15,attn,154,-0.1513
15,attn,155,-0.0682
15,attn,156,0.0855
15,attn,157,-0.9372
15,attn,158,-0.8547
15,attn,159,0.141
15,attn,160,-0.7043
15,attn,161,-0.6449
15,attn,162,-0.4961
15,attn,163,0.155
15,attn,164,0.0444
15,attn,165,0.6387
15,attn,166,0.2592
15,attn,167,0.046
15,attn,168,0.0458
15,attn,169,0.1194
15,attn,170,0.0485
15,attn,171,-0.1222
15,attn,172,0.0519
15,attn,173,0.0106
15,attn,174,-0.5198
15,attn,175,-0.7472
15,attn,176,0.0289
15,attn,177,0.3031
15,attn,178,0.4448
15,attn,179,0.0602
15,attn,180,0.0521
15,attn,181,0.1483
15,attn,182,0.0954
15,attn,183,-0.1964
15,attn,184,-1.26
15,attn,185,-0.2217
15,attn,186,0.2138
15,attn,187,-0.05
15,attn,188,-0.3157
15,attn,189,-0.3951
15,attn,190,-0.0801
15,attn,191,0.011
15,attn,192,-0.146
15,attn,193,0.8458
15,attn,194,-0.448
15,attn,195,-0.328
15,attn,196,0.5627
15,attn,197,0.135
15,attn,198,0.1363
15,attn,199,0.2556
15,attn,200,0.2309
15,attn,201,0.151
15,attn,202,0.0713
15,attn,203,-0.0581
15,attn,204,0.2501
15,attn,205,0.0923
15,attn,206,-0.0028
15,attn,207,-0.6696
15,attn,208,-0.2469
15,attn,209,0.2483
15,attn,210,-0.0879
15,attn,211,0.0893
15,attn,212,0.0043
15,attn,213,0.0648
15,attn,214,0.0256
15,attn,215,0.0473
15,attn,216,0.2576
15,attn,217,0.0392
15,attn,218,0.0505
15,attn,219,-0.0497
15,attn,220,-0.2836
15,attn,221,0.3392
15,attn,222,0.4451
15,attn,223,0.2272
15,attn,224,-0.0034
15,attn,225,0.0402
15,attn,226,0.2373
15,attn,227,-0.1686
15,attn,228,0.1307
15,attn,229,0.0671
15,attn,230,-0.2004
15,attn,231,-0.7605
15,attn,232,0.0915
15,attn,233,-0.0294
15,attn,234,0.0441
15,attn,235,-0.1707
15,attn,236,-0.1617
15,attn,237,-0.0412
15,attn,238,-0.776
15,attn,239,-0.2672
15,attn,240,-0.0344
15,attn,241,-0.2952
15,attn,242,0.0284
15,attn,243,0.3279
15,attn,244,-0.593
15,attn,245,0.9929
15,attn,246,0.2034
15,attn,247,-0.0951
15,attn,248,0.0644
15,attn,249,0.1648
15,attn,250,0.202
15,attn,251,0.4853
15,attn,252,-0.332
15,attn,253,-0.115
15,attn,254,-0.8266
15,attn,255,0.0139
15,attn,256,-0.0517
15,attn,257,0.2724
15,attn,258,0.1131
15,attn,259,0.3455
15,attn,260,0.5165
15,attn,261,-0.0048
15,attn,262,0.2617
15,attn,263,-0.1027
15,attn,264,-0.3479
15,attn,265,-0.2315
15,attn,266,-0.4236
15,attn,267,-0.1019
15,attn,268,-0.08
15,attn,269,-0.9738
15,attn,270,0.0226
15,attn,271,-0.1248
15,attn,272,-0.0414
15,attn,273,-0.0202
15,attn,274,-0.1362
15,attn,275,-0.3002
15,attn,276,-0.1244
15,attn,277,-0.0448
15,attn,278,-0.038
15,attn,279,-1.43
15,attn,280,0.1141
15,attn,281,0.5876
15,attn,282,0.1069
15,attn,283,-0.1825
15,attn,284,0.1158
15,attn,285,-1.9966
15,attn,286,-0.0806
15,attn,287,0.395
15,attn,288,-0.0613
15,attn,289,-0.1876
15,attn,290,-0.0803
15,attn,291,-0.0873
15,attn,292,0.1962
15,attn,293,-0.5371
15,attn,294,0.178
15,attn,295,0.1456
15,attn,296,-0.0801
15,attn,297,-0.0707
15,attn,298,-0.2306
15,attn,299,-0.634
15,attn,300,-0.1475
15,attn,301,-0.0338
15,attn,302,-0.1598
15,attn,303,0.3391
15,attn,304,-0.0483
15,attn,305,-0.2975
15,attn,306,-0.2305
15,attn,307,-0.0478
15,attn,308,-0.068
15,attn,309,-0.3694
15,attn,310,-1.3372
15,attn,311,-0.239
15,attn,312,-0.329
15,attn,313,-0.3108
15,attn,314,-0.0194
15,attn,315,-0.3386
15,attn,316,-0.0736
15,attn,317,-0.0017
15,attn,318,-1.6502
15,attn,319,-0.3961
15,attn,320,-0.42
15,attn,321,0.4235
15,attn,322,-0.3086
15,attn,323,-0.4205
16,mlp,0,-0.4302
16,mlp,1,0.1542
16,mlp,2,-0.2796
16,mlp,3,0.2874
16,mlp,4,0.3242
16,mlp,5,-0.1794
16,mlp,6,0.0308
16,mlp,7,0.3762
16,mlp,8,0.2841
16,mlp,9,0.0734
16,mlp,10,-0.2921
16,mlp,11,0.1905
16,mlp,12,-0.1739
16,mlp,13,0.0207
16,mlp,14,-0.2449
16,mlp,15,-0.5049
16,mlp,16,-0.1461
16,mlp,17,-0.1976
16,mlp,18,0.6924
16,mlp,19,0.9764
16,mlp,20,-0.0716
16,mlp,21,0.1338
16,mlp,22,-0.0443
16,mlp,23,-0.0419
16,mlp,24,0.0751
16,mlp,25,0.2928
16,mlp,26,-0.0475
16,mlp,27,-0.6895
16,mlp,28,-0.8942
16,mlp,29,0.115
16,mlp,30,0.8691
16,mlp,31,-0.3171
16,mlp,32,-0.0421
16,mlp,33,0.0939
16,mlp,34,0.5687
16,mlp,35,-0.2785
16,mlp,36,0.3396
16,mlp,37,-0.3165
16,mlp,38,-0.3768
16,mlp,39,-1.0231
16,mlp,40,0.6452
16,mlp,41,1.5379
16,mlp,42,-0.1537
16,mlp,43,-0.1747
16,mlp,44,-0.1825
16,mlp,45,-0.2737
16,mlp,46,-0.3089
16,mlp,47,-0.1178
16,mlp,48,-0.1649
16,mlp,49,-0.3278
16,mlp,50,0.1513
16,mlp,51,0.2736
16,mlp,52,0.2251
16,mlp,53,0.2421
16,mlp,54,0.141
16,mlp,55,-0.2613
16,mlp,56,0.6792
16,mlp,57,0.244
16,mlp,58,-0.2937
16,mlp,59,0.1438
16,mlp,60,-0.1788
16,mlp,61,0.5629
16,mlp,62,0.4963
16,mlp,63,0.2026
16,mlp,64,0.7014
16,mlp,65,0.5815
16,mlp,66,-0.7194
16,mlp,67,-0.0119
16,mlp,68,0.5058
16,mlp,69,0.1604
16,mlp,70,-0.0346
16,mlp,71,-0.0911
16,mlp,72,-0.0238
16,mlp,73,-0.1532
16,mlp,74,0.2962
16,mlp,75,0.308
16,mlp,76,0.0066
16,mlp,77,-0.6471
16,mlp,78,0.0306
16,mlp,79,0.5
16,mlp,80,0.1127
16,mlp,81,0.0803
16,mlp,82,0.2549
16,mlp,83,-0.8376
16,mlp,84,0.1304
16,mlp,85,0.1152
16,mlp,86,0.8681
16,mlp,87,0.3386
16,mlp,88,0.3727
16,mlp,89,0.1577
16,mlp,90,0.1588
16,mlp,91,0.1399
16,mlp,92,0.1309
16,mlp,93,-0.5205
16,mlp,94,0.1413
16,mlp,95,0.0592
16,mlp,96,-0.0466
16,mlp,97,-0.4365
16,mlp,98,-0.6396
16,mlp,99,0.4557
16,mlp,100,-0.3022
16,mlp,101,0.0164
16,mlp,102,-0.2055
16,mlp,103,0.676
16,mlp,104,0.7745
16,mlp,105,0.0665
16,mlp,106,-0.1688
16,mlp,107,0.2092
16,mlp,108,-0.7313
16,mlp,109,-0.1939
16,mlp,110,-0.1157
16,mlp,111,0.0045
16,mlp,112,0.3399
16,mlp,113,0.2947
16,mlp,114,0.3209
16,mlp,115,-0.0181
16,mlp,116,-0.5252
16,mlp,117,-0.3498
16,mlp,118,-0.4443
16,mlp,119,-0.1651
16,mlp,120,-0.0637
16,mlp,121,0.0588
16,mlp,122,-0.47
16,mlp,123,0.2467
16,mlp,124,0.1402
16,mlp,125,-0.9535
16,mlp,126,0.0295
16,mlp,127,3.0015
16,mlp,128,0.1148
16,mlp,129,0.3198
16,mlp,130,-0.101
16,mlp,131,-0.3245
16,mlp,132,-0.0905
16,mlp,133,-0.0028
16,mlp,134,0.1882
16,mlp,135,-0.9334
16,mlp,136,-0.5654
16,mlp,137,1.2034
16,mlp,138,0.8876
16,mlp,139,0.1492
16,mlp,140,-0.5654
16,mlp,141,0.244
16,mlp,142,-0.0188
16,mlp,143,0.1653
16,mlp,144,0.143
16,mlp,145,0.1306
16,mlp,146,0.0669
16,mlp,147,-0.3009
16,mlp,148,-0.3724
16,mlp,149,-0.2864
16,mlp,150,-0.3636
16,mlp,151,-0.3471
16,mlp,152,-0.1901
16,mlp,153,-0.0675
16,mlp,154,0.1452
16,mlp,155,0.0782
16,mlp,156,0.3173
16,mlp,157,0.9849
16,mlp,158,0.0841
16,mlp,159,0.3389
16,mlp,160,0.4043
16,mlp,161,0.6258
16,mlp,162,0.2505
16,mlp,163,0.1689
16,mlp,164,0.0291
16,mlp,165,1.633
16,mlp,166,0.4155
16,mlp,167,0.1009
16,mlp,168,0.386
16,mlp,169,-0.0489
16,mlp,170,0.1114
16,mlp,171,0.1104
16,mlp,172,0.7657
16,mlp,173,0.1377
16,mlp,174,-1.2842
16,mlp,175,0.4218
16,mlp,176,0.1615
16,mlp,177,-0.5394
16,mlp,178,0.6571
16,mlp,179,-0.0434
16,mlp,180,0.0182
16,mlp,181,0.0775
16,mlp,182,0.7875
16,mlp,183,0.5573
16,mlp,184,-0.0627
16,mlp,185,-1.7132
16,mlp,186,-0.274
16,mlp,187,0.7471
16,mlp,188,0.7706
16,mlp,189,-0.8717
16,mlp,190,0.6999
16,mlp,191,0.3392
16,mlp,192,0.3096
16,mlp,193,0.0196
16,mlp,194,1.3578
16,mlp,195,0.8566
16,mlp,196,0.9951
16,mlp,197,0.0806
16,mlp,198,0.5209
16,mlp,199,0.6319
16,mlp,200,-0.076
16,mlp,201,-0.0479
16,mlp,202,0.3254
16,mlp,203,0.6421
16,mlp,204,1.9876
16,mlp,205,0.2588
16,mlp,206,0.3932
16,mlp,207,0.9358
16,mlp,208,-0.1031
16,mlp,209,-1.3946
16,mlp,210,0.2398
16,mlp,211,0.0667
16,mlp,212,0.4526
16,mlp,213,-0.0062
16,mlp,214,0.0218
16,mlp,215,-0.342
16,mlp,216,-0.1049
16,mlp,217,-0.0492
16,mlp,218,0.3845
16,mlp,219,-0.122
16,mlp,220,1.6883
16,mlp,221,0.182
16,mlp,222,0.3052
16,mlp,223,0.172
16,mlp,224,0.2317
16,mlp,225,0.1427
16,mlp,226,-0.1662
16,mlp,227,-1.1522
16,mlp,228,0.1494
16,mlp,229,0.0072
16,mlp,230,1.0534
16,mlp,231,-0.148
16,mlp,232,0.1725
16,mlp,233,-0.2717
16,mlp,234,0.2433
16,mlp,235,-0.8748
16,mlp,236,0.6182
16,mlp,237,0.1558
16,mlp,238,0.4573
16,mlp,239,-0.0153
16,mlp,240,0.2661
16,mlp,241,-0.3223
16,mlp,242,0.1106
16,mlp,243,0.5318
16,mlp,244,0.7707
16,mlp,245,-0.1928
16,mlp,246,0.6187
16,mlp,247,1.1353
16,mlp,248,-1.0919
16,mlp,249,0.0817
16,mlp,250,0.1995
16,mlp,251,0.6273
16,mlp,252,0.3332
16,mlp,253,-0.1764
16,mlp,254,-0.381
16,mlp,255,-0.7087
16,mlp,256,0.2118
16,mlp,257,-0.2015
16,mlp,258,0.1757
16,mlp,259,-0.1194
16,mlp,260,-0.2099
16,mlp,261,0.2638
16,mlp,262,-0.4902
16,mlp,263,0.3712
16,mlp,264,-0.895
16,mlp,265,-0.2924
16,mlp,266,-1.0004
16,mlp,267,0.2038
16,mlp,268,0.1628
16,mlp,269,1.9295
16,mlp,270,0.2593
16,mlp,271,0.5239
16,mlp,272,0.187
16,mlp,273,0.2809
16,mlp,274,0.1465
16,mlp,275,0.4154
16,mlp,276,0.3328
16,mlp,277,-0.0504
16,mlp,278,0.1164
16,mlp,279,1.8969
16,mlp,280,1.2675
16,mlp,281,-0.4581
16,mlp,282,-2.1662
16,mlp,283,-0.2379
16,mlp,284,-2.8052
16,mlp,285,-0.0441
16,mlp,286,0.6298
16,mlp,287,1.0099
16,mlp,288,0.016
16,mlp,289,-0.3228
16,mlp,290,0.6661
16,mlp,291,0.4225
16,mlp,292,1.1311
16,mlp,293,0.2111
16,mlp,294,-0.1956
16,mlp,295,-0.1523
16,mlp,296,-0.2406
16,mlp,297,-0.2345
16,mlp,298,0.2071
16,mlp,299,-0.3957
16,mlp,300,-0.2325
16,mlp,301,0.5876
16,mlp,302,-1.3683
16,mlp,303,0.6758
16,mlp,304,0.8275
16,mlp,305,0.9083
16,mlp,306,0.4025
16,mlp,307,0.1195
16,mlp,308,0.0172
16,mlp,309,0.2753
16,mlp,310,-0.5986
16,mlp,311,0.272
16,mlp,312,-0.1225
16,mlp,313,0.5122
16,mlp,314,0.1904
16,mlp,315,1.2415
16,mlp,316,0.4154
16,mlp,317,-0.3403
16,mlp,318,-0.0951
16,mlp,319,1.4439
16,mlp,320,-0.708
16,mlp,321,-0.7206
16,mlp,322,0.2954
16,mlp,323,0.32
16,attn,0,0.9834
16,attn,1,0.0666
16,attn,2,0.2219
16,attn,3,-0.0595
16,attn,4,0.187
16,attn,5,0.4863
16,attn,6,-0.0364
16,attn,7,0.1456
16,attn,8,-0.2387
16,attn,9,0.1766
16,attn,10,0.0215
16,attn,11,-0.0183
16,attn,12,0.0054
16,attn,13,0.1884
16,attn,14,0.145
16,attn,15,0.2259
16,attn,16,0.1405
16,attn,17,0.0692
16,attn,18,0.1573
16,attn,19,-0.5397
16,attn,20,-0.5128
16,attn,21,-0.3319
16,attn,22,0.0434
16,attn,23,-0.0077
16,attn,24,0.0179
16,attn,25,0.1387
16,attn,26,0.0056
16,attn,27,0.5471
16,attn,28,-0.0444
16,attn,29,0.101
16,attn,30,-0.1065
16,attn,31,0.2519
16,attn,32,0.2147
16,attn,33,-0.1831
16,attn,34,0.0117
16,attn,35,0.4979
16,attn,36,0.231
16,attn,37,0.1525
16,attn,38,-0.0918
16,attn,39,0.587
16,attn,40,-0.4914
16,attn,41,-0.6886
16,attn,42,-0.1829
16,attn,43,-0.0866
16,attn,44,0.0053
16,attn,45,0.1013
16,attn,46,0.2761
16,attn,47,0.1972
16,attn,48,0.1583
16,attn,49,0.2231
16,attn,50,0.2941
16,attn,51,0.4867
16,attn,52,-0.0297
16,attn,53,0.1103
16,attn,54,0.0826
16,attn,55,-0.15
16,attn,56,-0.0192
16,attn,57,0.0396
16,attn,58,0.2062
16,attn,59,-0.4045
16,attn,60,0.6148
16,attn,61,-0.2734
16,attn,62,-0.2168
16,attn,63,0.1085
16,attn,64,0.0981
16,attn,65,-0.0326
16,attn,66,0.1748
16,attn,67,-0.3443
16,attn,68,0.2675
16,attn,69,0.1366
16,attn,70,0.1053
16,attn,71,-0.0369
16,attn,72,-0.0115
16,attn,73,-0.0933
16,attn,74,-0.2421
16,attn,75,0.131
16,attn,76,-0.2923
16,attn,77,0.6695
16,attn,78,-0.1693
16,attn,79,0.0318
16,attn,80,-0.1016
16,attn,81,0.0726
16,attn,82,0.0756
16,attn,83,-0.4723
16,attn,84,0.0563
16,attn,85,-0.1475
16,attn,86,-0.1736
16,attn,87,0.1267
16,attn,88,-0.3527
16,attn,89,0.3789
16,attn,90,-0.0014
16,attn,91,-0.0013
16,attn,92,0.6111
16,attn,93,-0.1996
16,attn,94,-0.0165
16,attn,95,-0.1388
16,attn,96,0.0552
16,attn,97,-0.03
16,attn,98,0.2132
16,attn,99,0.0884
16,attn,100,0.0522
16,attn,101,-0.0139
16,attn,102,-0.0422
16,attn,103,-0.2215
16,attn,104,-0.7852
16,attn,105,0.0202
16,attn,106,-0.018
16,attn,107,-0.167
16,attn,108,-0.1664
16,attn,109,-0.2579
16,attn,110,-0.0323
16,attn,111,0.1056
16,attn,112,0.2677
16,attn,113,-0.2153
16,attn,114,0.4118
16,attn,115,0.0045
16,attn,116,-0.2491
16,attn,117,0.3098
16,attn,118,0.3088
16,attn,119,0.1156
16,attn,120,0.0252
16,attn,121,-0.015
16,attn,122,0.1298
16,attn,123,0.3221
16,attn,124,-0.0524
16,attn,125,-0.1241
16,attn,126,0.1149
16,attn,127,-1.1037
16,attn,128,-1.0795
16,attn,129,-0.2598
16,attn,130,-0.037
16,attn,131,-0.0158
16,attn,132,0.0319
16,attn,133,0.1333
16,attn,134,-0.0037
16,attn,135,-0.0288
16,attn,136,0.3075
16,attn,137,-1.0934
16,attn,138,-1.0567
16,attn,139,-1.023
16,attn,140,-0.1615
16,attn,141,-0.0015
16,attn,142,-0.1868
16,attn,143,-0.1263
16,attn,144,0.0835
16,attn,145,0.148
16,attn,146,-0.5237
16,attn,147,0.3005
16,attn,148,0.3482
16,attn,149,0.1268
16,attn,150,0.3215
16,attn,151,0.0196
16,attn,152,-0.1501
16,attn,153,0.0216
16,attn,154,0.202
16,attn,155,0.1291
16,attn,156,-0.122
16,attn,157,-0.1641
16,attn,158,-0.4945
16,attn,159,0.2523
16,attn,160,-0.2415
16,attn,161,-0.8576
16,attn,162,0.4363
16,attn,163,-0.3769
16,attn,164,0.0383
16,attn,165,0.2002
16,attn,166,-0.0626
16,attn,167,0.2146
16,attn,168,0.1616
16,attn,169,0.1338
16,attn,170,-0.2528
16,attn,171,-0.1949
16,attn,172,0.0275
16,attn,173,0.0651
16,attn,174,-0.2574
16,attn,175,0.0522
16,attn,176,0.0053
16,attn,177,0.5118
16,attn,178,0.0451
16,attn,179,0.0044
16,attn,180,-0.1278
16,attn,181,0.4427
16,attn,182,-0.0638
16,attn,183,-0.1509
16,attn,184,0.2143
16,attn,185,0.192
16,attn,186,-0.0491
16,attn,187,0.7555
16,attn,188,-0.2402
16,attn,189,-0.7538
16,attn,190,0.1763
16,attn,191,0.049
16,attn,192,-0.2078
16,attn,193,0.5606
16,attn,194,-1.1604
16,attn,195,-0.1499
16,attn,196,0.1246
16,attn,197,0.0374
16,attn,198,-0.6091
16,attn,199,-1.229
16,attn,200,0.4726
16,attn,201,-0.0663
16,attn,202,0.0923
16,attn,203,-0.0172
16,attn,204,0.3172
16,attn,205,0.142
16,attn,206,0.3874
16,attn,207,-0.1676
16,attn,208,0.2868
16,attn,209,0.8372
16,attn,210,0.1165
16,attn,211,-0.0931
16,attn,212,-0.244
16,attn,213,0.0119
16,attn,214,0.0452
16,attn,215,0.003
16,attn,216,-0.4933
16,attn,217,-0.1826
16,attn,218,-0.3577
16,attn,219,0.0013
16,attn,220,-0.1989
16,attn,221,0.0924
16,attn,222,0.0299
16,attn,223,0.0824
16,attn,224,0.1362
16,attn,225,-0.0586
16,attn,226,0.03
16,attn,227,0.2164
16,attn,228,-0.4244
16,attn,229,0.1711
16,attn,230,-0.1261
16,attn,231,0.6301
16,attn,232,0.1305
16,attn,233,0.237
16,attn,234,-0.0721
16,attn,235,-0.2046
16,attn,236,0.068
16,attn,237,-0.3164
16,attn,238,-0.2144
16,attn,239,-0.1293
16,attn,240,-0.1344
16,attn,241,0.6492
16,attn,242,-0.1048
16,attn,243,-0.0247
16,attn,244,0.1677
16,attn,245,-0.6189
16,attn,246,-0.4261
16,attn,247,-0.0921
16,attn,248,0.0074
16,attn,249,-0.5204
16,attn,250,-0.0245
16,attn,251,0.5286
16,attn,252,0.1807
16,attn,253,-0.0152
16,attn,254,-0.0608
16,attn,255,0.2783
16,attn,256,1.0311
16,attn,257,0.2807
16,attn,258,0.2111
16,attn,259,-0.0083
16,attn,260,0.0129
16,attn,261,-0.7969
16,attn,262,0.4053
16,attn,263,0.1356
16,attn,264,0.2435
16,attn,265,0.3657
16,attn,266,0.5078
16,attn,267,0.0669
16,attn,268,0.026
16,attn,269,-0.4724
16,attn,270,0.4237
16,attn,271,0.0746
16,attn,272,-0.01
16,attn,273,0.0853
16,attn,274,0.2285
16,attn,275,0.0726
16,attn,276,0.0578
16,attn,277,-0.4373
16,attn,278,0.0478
16,attn,279,-0.5093
16,attn,280,-0.3358
16,attn,281,0.2033
16,attn,282,0.6137
16,attn,283,0.539
16,attn,284,0.704
16,attn,285,-1.123
16,attn,286,0.0551
16,attn,287,-0.0877
16,attn,288,-0.9434
16,attn,289,-0.8245
16,attn,290,0.1796
16,attn,291,-0.0413
16,attn,292,-0.2328
16,attn,293,-0.4758
16,attn,294,-0.3408
16,attn,295,0.1439
16,attn,296,0.0239
16,attn,297,0.032
16,attn,298,-0.175
16,attn,299,-0.1295
16,attn,300,-0.0512
16,attn,301,-0.4851
16,attn,302,-0.4388
16,attn,303,-0.1263
16,attn,304,-0.0695
16,attn,305,-0.3049
16,attn,306,0.0071
16,attn,307,0.0457
16,attn,308,0.5259
16,attn,309,0.2496
16,attn,310,-0.2413
16,attn,311,-1.2134
16,attn,312,0.2961
16,attn,313,-0.5552
16,attn,314,0.043
16,attn,315,0.0744
16,attn,316,0.0301
16,attn,317,-0.0968
16,attn,318,0.8556
16,attn,319,0.093
16,attn,320,0.2204
16,attn,321,0.1021
16,attn,322,0.4304
16,attn,323,-0.6817
17,mlp,0,0.5823
17,mlp,1,0.0164
17,mlp,2,-0.5291
17,mlp,3,-0.1158
17,mlp,4,0.189
17,mlp,5,-0.1054
17,mlp,6,0.0386
17,mlp,7,0.1156
17,mlp,8,0.2598
17,mlp,9,0.2294
17,mlp,10,0.2823
17,mlp,11,0.0844
17,mlp,12,0.2594
17,mlp,13,0.2525
17,mlp,14,0.1874
17,mlp,15,-0.1078
17,mlp,16,0.6091
17,mlp,17,0.2315
17,mlp,18,0.2434
17,mlp,19,1.3055
17,mlp,20,-0.1531
17,mlp,21,-0.0886
17,mlp,22,-0.079
17,mlp,23,0.2087
17,mlp,24,0.0769
17,mlp,25,0.4928
17,mlp,26,-0.0446
17,mlp,27,0.2035
17,mlp,28,0.6253
17,mlp,29,0.1397
17,mlp,30,0.302
17,mlp,31,0.9225
17,mlp,32,-0.2584
17,mlp,33,-0.0027
17,mlp,34,-0.4337
17,mlp,35,-0.0856
17,mlp,36,0.1265
17,mlp,37,0.0282
17,mlp,38,0.1488
17,mlp,39,-0.2002
17,mlp,40,0.7652
17,mlp,41,2.0358
17,mlp,42,-0.4992
17,mlp,43,0.1953
17,mlp,44,-0.3228
17,mlp,45,0.0544
17,mlp,46,-0.0276
17,mlp,47,0.1025
17,mlp,48,0.084
17,mlp,49,0.4721
17,mlp,50,-0.3551
17,mlp,51,0.0831
17,mlp,52,0.6141
17,mlp,53,0.3978
17,mlp,54,0.1295
17,mlp,55,0.2581
17,mlp,56,0.1654
17,mlp,57,0.2479
17,mlp,58,0.2063
17,mlp,59,0.5773
17,mlp,60,-0.296
17,mlp,61,0.1876
17,mlp,62,-0.0259
17,mlp,63,-0.1913
17,mlp,64,-0.0061
17,mlp,65,-0.0413
17,mlp,66,-0.1109
17,mlp,67,0.3786
17,mlp,68,0.1009
17,mlp,69,-0.1886
17,mlp,70,-0.12
17,mlp,71,-0.0989
17,mlp,72,0.1279
17,mlp,73,0.0955
17,mlp,74,0.3501
17,mlp,75,-0.6324
17,mlp,76,0.2186
17,mlp,77,-0.1061
17,mlp,78,0.2528
17,mlp,79,0.7967
17,mlp,80,-0.1495
17,mlp,81,-0.0529
17,mlp,82,0.0906
17,mlp,83,0.0018
17,mlp,84,0.127
17,mlp,85,0.5281
17,mlp,86,1.1367
17,mlp,87,0.1079
17,mlp,88,0.5239
17,mlp,89,0.2081
17,mlp,90,0.1509
17,mlp,91,0.0721
17,mlp,92,0.2822
17,mlp,93,0.7872
17,mlp,94,0.3544
17,mlp,95,0.6799
17,mlp,96,0.1639
17,mlp,97,0.0171
17,mlp,98,0.006
17,mlp,99,0.2921
17,mlp,100,-0.4855
17,mlp,101,0.5708
17,mlp,102,0.2492
17,mlp,103,0.8074
17,mlp,104,-0.414
17,mlp,105,0.2019
17,mlp,106,0.8959
17,mlp,107,0.1665
17,mlp,108,-0.234
17,mlp,109,0.255
17,mlp,110,0.1166
17,mlp,111,0.0143
17,mlp,112,-0.4713
17,mlp,113,0.0511
17,mlp,114,-0.6713
17,mlp,115,0.0167
17,mlp,116,0.1054
17,mlp,117,0.4099
17,mlp,118,-0.1609
17,mlp,119,-0.0842
17,mlp,120,0.3244
17,mlp,121,0.0319
17,mlp,122,-0.5759
17,mlp,123,0.1611
17,mlp,124,0.5495
17,mlp,125,-0.375
17,mlp,126,0.0436
17,mlp,127,2.5857
17,mlp,128,1.0132
17,mlp,129,0.1861
17,mlp,130,-0.0547
17,mlp,131,0.008
17,mlp,132,0.1414
17,mlp,133,0.5048
17,mlp,134,0.1829
17,mlp,135,-0.4813
17,mlp,136,-0.2057
17,mlp,137,0.3638
17,mlp,138,0.8701
17,mlp,139,-0.317
17,mlp,140,0.3425
17,mlp,141,0.1205
17,mlp,142,0.279
17,mlp,143,0.1415
17,mlp,144,0.0433
17,mlp,145,0.2101
17,mlp,146,1.4231
17,mlp,147,-0.9886
17,mlp,148,-0.7356
17,mlp,149,0.0483
17,mlp,150,0.1658
17,mlp,151,0.5228
17,mlp,152,-0.0289
17,mlp,153,-0.6036
17,mlp,154,-0.0249
17,mlp,155,0.0149
17,mlp,156,0.2737
17,mlp,157,0.3982
17,mlp,158,0.8072
17,mlp,159,0.0037
17,mlp,160,1.3392
17,mlp,161,0.4599
17,mlp,162,-0.507
17,mlp,163,0.4636
17,mlp,164,0.1262
17,mlp,165,1.4243
17,mlp,166,-0.1244
17,mlp,167,-0.0009
17,mlp,168,0.1541
17,mlp,169,0.0716
17,mlp,170,0.1007
17,mlp,171,-2.4404
17,mlp,172,0.4327
17,mlp,173,0.4238
17,mlp,174,-0.045
17,mlp,175,0.697
17,mlp,176,-0.2493
17,mlp,177,-0.6847
17,mlp,178,-0.419
17,mlp,179,0.1585
17,mlp,180,-0.1601
17,mlp,181,-0.1616
17,mlp,182,0.3086
17,mlp,183,0.6761
17,mlp,184,-0.3201
17,mlp,185,-0.9854
17,mlp,186,0.3374
17,mlp,187,-0.1941
17,mlp,188,-0.3095
17,mlp,189,-0.0883
17,mlp,190,0.3021
17,mlp,191,0.0094
17,mlp,192,0.2703
17,mlp,193,0.0428
17,mlp,194,1.8803
17,mlp,195,-0.0251
17,mlp,196,0.8213
17,mlp,197,-0.0024
17,mlp,198,0.369
17,mlp,199,0.6741
17,mlp,200,-0.3394
17,mlp,201,-1.1694
17,mlp,202,0.0645
17,mlp,203,0.092
17,mlp,204,0.3557
17,mlp,205,-0.0564
17,mlp,206,0.0265
17,mlp,207,1.3677
17,mlp,208,0.0373
17,mlp,209,-0.8232
17,mlp,210,0.0512
17,mlp,211,0.0796
17,mlp,212,0.0247
17,mlp,213,-0.0911
17,mlp,214,-0.2358
17,mlp,215,0.2968
17,mlp,216,0.9249
17,mlp,217,-0.0423
17,mlp,218,-0.2801
17,mlp,219,0.4416
17,mlp,220,1.1927
17,mlp,221,0.4235
17,mlp,222,-1.0471
17,mlp,223,0.2089
17,mlp,224,0.0338
17,mlp,225,0.0431
17,mlp,226,0.0994
17,mlp,227,-0.5156
17,mlp,228,-0.2916
17,mlp,229,0.0597
17,mlp,230,0.113
17,mlp,231,-0.5645
17,mlp,232,-0.1354
17,mlp,233,0.206
17,mlp,234,0.2574
17,mlp,235,-0.0856
17,mlp,236,0.0612
17,mlp,237,0.2255
17,mlp,238,0.0316
17,mlp,239,0.5921
17,mlp,240,0.4974
17,mlp,241,0.0649
17,mlp,242,1.3822
17,mlp,243,0.1
17,mlp,244,2.0056
17,mlp,245,-0.2523
17,mlp,246,0.1747
17,mlp,247,0.0753
17,mlp,248,-0.4931
17,mlp,249,-0.821
17,mlp,250,0.2023
17,mlp,251,-1.0833
17,mlp,252,0.1269
17,mlp,253,0.1055
17,mlp,254,-0.0083
17,mlp,255,0.4715
17,mlp,256,0.994
17,mlp,257,0.2001
17,mlp,258,0.7331
17,mlp,259,-0.3006
17,mlp,260,0.0186
17,mlp,261,1.0572
17,mlp,262,0.0325
17,mlp,263,0.2737
17,mlp,264,0.5977
17,mlp,265,0.6185
17,mlp,266,0.1947
17,mlp,267,0.4379
17,mlp,268,-0.132
17,mlp,269,0.8851
17,mlp,270,0.0867
17,mlp,271,-0.3106
17,mlp,272,0.0815
17,mlp,273,-0.1871
17,mlp,274,0.11
17,mlp,275,-0.0157
17,mlp,276,-0.0664
17,mlp,277,0.4128
17,mlp,278,-0.0728
17,mlp,279,0.4951
17,mlp,280,0.4995
17,mlp,281,-0.4696
17,mlp,282,-0.1658
17,mlp,283,-0.2304
17,mlp,284,-0.1113
17,mlp,285,1.9762
17,mlp,286,0.1132
17,mlp,287,0.1081
17,mlp,288,0.088
17,mlp,289,-0.3351
17,mlp,290,0.1728
17,mlp,291,0.3587
17,mlp,292,0.2269
17,mlp,293,1.0035
17,mlp,294,0.8356
17,mlp,295,0.2445
17,mlp,296,0.202
17,mlp,297,-0.2859
17,mlp,298,-0.1659
17,mlp,299,-0.018
17,mlp,300,0.1364
17,mlp,301,1.3878
17,mlp,302,-0.9107
17,mlp,303,0.8942
17,mlp,304,0.7533
17,mlp,305,-1.1912
17,mlp,306,0.2946
17,mlp,307,-0.3231
17,mlp,308,0.1193
17,mlp,309,0.5143
17,mlp,310,0.5449
17,mlp,311,0.3028
17,mlp,312,0.3879
17,mlp,313,0.5143
17,mlp,314,-0.1053
17,mlp,315,0.4923
17,mlp,316,-0.1571
17,mlp,317,0.2835
17,mlp,318,0.4615
17,mlp,319,-0.9785
17,mlp,320,-0.3454
17,mlp,321,0.2731
17,mlp,322,-1.0917
17,mlp,323,-0.0669
17,attn,0,1.1346
17,attn,1,0.0227
17,attn,2,0.1574
17,attn,3,-0.0756
17,attn,4,0.0205
17,attn,5,0.0577
17,attn,6,0.159
17,attn,7,0.0091
17,attn,8,-0.0622
17,attn,9,0.0363
17,attn,10,-0.0195
17,attn,11,-0.2624
17,attn,12,-0.1276
17,attn,13,0.0439
17,attn,14,-0.0083
17,attn,15,-0.0886
17,attn,16,0.0608
17,attn,17,-0.0027
17,attn,18,0.1599
17,attn,19,-0.4943
17,attn,20,0.7395
17,attn,21,-0.2833
17,attn,22,-0.0118
17,attn,23,0.0197
17,attn,24,-0.2761
17,attn,25,-0.3055
17,attn,26,-0.1685
17,attn,27,-0.1369
17,attn,28,0.1158
17,attn,29,-0.0022
17,attn,30,-0.5952
17,attn,31,-0.4094
17,attn,32,0.0548
17,attn,33,-0.0681
17,attn,34,-0.6647
17,attn,35,0.7861
17,attn,36,-0.2573
17,attn,37,-0.0395
17,attn,38,0.0727
17,attn,39,0.3637
17,attn,40,-0.1934
17,attn,41,0.1226
17,attn,42,-0.0935
17,attn,43,-0.1169
17,attn,44,0.022
17,attn,45,0.011
17,attn,46,-0.4006
17,attn,47,-0.9782
17,attn,48,-0.1861
17,attn,49,-0.146
17,attn,50,0.1474
17,attn,51,0.2664
17,attn,52,-0.0924
17,attn,53,0.0274
17,attn,54,0.074
17,attn,55,-0.1805
17,attn,56,-0.5345
17,attn,57,0.0819
17,attn,58,-0.2431
17,attn,59,-0.8706
17,attn,60,-0.5945
17,attn,61,-0.2291
17,attn,62,-0.1538
17,attn,63,-0.0343
17,attn,64,-0.1065
17,attn,65,-0.3218
17,attn,66,-0.0599
17,attn,67,-0.2583
17,attn,68,-0.2421
17,attn,69,0.3278
17,attn,70,0.2452
17,attn,71,-0.0141
17,attn,72,-0.1384
17,attn,73,-0.2913
17,attn,74,-0.8537
17,attn,75,-0.7076
17,attn,76,-0.2313
17,attn,77,-0.3993
17,attn,78,-0.0984
17,attn,79,-0.0772
17,attn,80,-0.6225
17,attn,81,-0.1771
17,attn,82,-0.051
17,attn,83,-1.1745
17,attn,84,-0.0787
17,attn,85,0.065
17,attn,86,-0.5475
17,attn,87,-0.3997
17,attn,88,-0.1447
17,attn,89,0.0102
17,attn,90,-0.1972
17,attn,91,-0.2812
17,attn,92,-0.0739
17,attn,93,-0.5164
17,attn,94,-0.9109
17,attn,95,-1.2657
17,attn,96,-0.2967
17,attn,97,-0.3413
17,attn,98,-0.1701
17,attn,99,-0.1222
17,attn,100,-1.1273
17,attn,101,-0.1946
17,attn,102,-0.1917
17,attn,103,0.0273
17,attn,104,-1.425
17,attn,105,-0.1297
17,attn,106,-0.5765
17,attn,107,-0.3044
17,attn,108,-0.2422
17,attn,109,-0.5565
17,attn,110,-0.3798
17,attn,111,-0.1468
17,attn,112,0.0476
17,attn,113,-0.8496
17,attn,114,-0.9968
17,attn,115,-0.1112
17,attn,116,-0.2959
17,attn,117,-0.5583
17,attn,118,-0.6859
17,attn,119,-0.1228
17,attn,120,-0.0384
17,attn,121,-0.1658
17,attn,122,-0.1965
17,attn,123,0.111
17,attn,124,-0.4495
17,attn,125,-0.3556
17,attn,126,-0.067
17,attn,127,-2.1486
17,attn,128,-0.6499
17,attn,129,-0.3871
17,attn,130,-0.3371
17,attn,131,-0.1556
17,attn,132,0.0395
17,attn,133,-0.3943
17,attn,134,-0.266
17,attn,135,-0.935
17,attn,136,-0.1109
17,attn,137,-0.7955
17,attn,138,-1.0327
17,attn,139,-1.1635
17,attn,140,-1.1176
17,attn,141,-0.1895
17,attn,142,-0.28
17,attn,143,-0.3757
17,attn,144,-0.3457
17,attn,145,-0.1462
17,attn,146,-0.6303
17,attn,147,0.7599
17,attn,148,0.3621
17,attn,149,-0.1338
17,attn,150,-0.4993
17,attn,151,-0.0596
17,attn,152,-0.5646
17,attn,153,-0.3882
17,attn,154,-0.3582
17,attn,155,-0.2023
17,attn,156,-0.5939
17,attn,157,-0.4785
17,attn,158,-1.1923
17,attn,159,-0.0508
17,attn,160,-0.6672
17,attn,161,-0.5376
17,attn,162,-0.831
17,attn,163,-0.5985
17,attn,164,-0.262
17,attn,165,0.4344
17,attn,166,-0.2111
17,attn,167,-0.2943
17,attn,168,0.0679
17,attn,169,-0.6305
17,attn,170,-0.5693
17,attn,171,-0.5691
17,attn,172,-0.1847
17,attn,173,-0.457
17,attn,174,-0.7717
17,attn,175,-0.6814
17,attn,176,-0.2419
17,attn,177,-0.5627
17,attn,178,-0.3819
17,attn,179,-0.1955
17,attn,180,-0.3322
17,attn,181,-0.3607
17,attn,182,-0.1155
17,attn,183,-0.3828
17,attn,184,-0.8049
17,attn,185,-0.6082
17,attn,186,-0.1339
17,attn,187,-0.9189
17,attn,188,-0.6398
17,attn,189,-0.2611
17,attn,190,-0.554
17,attn,191,0.009
17,attn,192,-0.416
17,attn,193,0.4962
17,attn,194,0.4869
17,attn,195,0.1799
17,attn,196,-0.9427
17,attn,197,-0.0999
17,attn,198,-0.6208
17,attn,199,-1.8729
17,attn,200,-0.6615
17,attn,201,-0.5326
17,attn,202,-0.096
17,attn,203,-0.3017
17,attn,204,-0.6508
17,attn,205,-0.1179
17,attn,206,-0.0782
17,attn,207,-0.5643
17,attn,208,-0.7049
17,attn,209,-0.5492
17,attn,210,-0.9956
17,attn,211,-0.5152
17,attn,212,-0.2004
17,attn,213,-0.0091
17,attn,214,-0.0917
17,attn,215,-0.1754
17,attn,216,-0.9423
17,attn,217,-0.4784
17,attn,218,-1.3052
17,attn,219,-0.1644
17,attn,220,-0.6717
17,attn,221,0.4522
17,attn,222,-0.4816
17,attn,223,-0.7778
17,attn,224,-0.0349
17,attn,225,-0.4129
17,attn,226,-0.3711
17,attn,227,-0.0862
17,attn,228,-2.0626
17,attn,229,-0.0661
17,attn,230,-0.2251
17,attn,231,0.5387
17,attn,232,-0.0744
17,attn,233,-0.2303
17,attn,234,-0.1206
17,attn,235,-0.1356
17,attn,236,0.3075
17,attn,237,-0.3042
17,attn,238,-0.106
17,attn,239,-2.0333
17,attn,240,-0.0812
17,attn,241,-0.1566
17,attn,242,-1.0566
17,attn,243,-0.2588
17,attn,244,0.1812
17,attn,245,-0.7285
17,attn,246,-0.6917
17,attn,247,-0.5162
17,attn,248,-1.126
17,attn,249,-1.0139
17,attn,250,-0.3741
17,attn,251,-0.8457
17,attn,252,-0.5291
17,attn,253,-0.2333
17,attn,254,-0.5796
17,attn,255,-0.5632
17,attn,256,-0.6743
17,attn,257,-0.234
17,attn,258,0.1386
17,attn,259,-0.3707
17,attn,260,-0.2567
17,attn,261,0.6538
17,attn,262,-0.2267
17,attn,263,-0.0922
17,attn,264,-0.4523
17,attn,265,-0.3706
17,attn,266,-0.822
17,attn,267,-0.3718
17,attn,268,-0.1112
17,attn,269,-0.6316
17,attn,270,-0.7061
17,attn,271,0.1241
17,attn,272,-0.1106
17,attn,273,0.0303
17,attn,274,-0.4717
17,attn,275,-0.9458
17,attn,276,-0.0831
17,attn,277,-0.3387
17,attn,278,0.0476
17,attn,279,-1.8977
17,attn,280,-0.7441
17,attn,281,-0.0369
17,attn,282,0.0531
17,attn,283,-0.3685
17,attn,284,0.8663
17,attn,285,0.0443
17,attn,286,-0.0235
17,attn,287,-0.4966
17,attn,288,-0.967
17,attn,289,-0.7665
17,attn,290,-1.0728
17,attn,291,-0.153
17,attn,292,0.2679
17,attn,293,-0.5624
17,attn,294,-1.2947
17,attn,295,-0.3565
17,attn,296,0.1239
17,attn,297,0.0817
17,attn,298,-0.24
17,attn,299,-0.1224
17,attn,300,0.0562
17,attn,301,-1.5422
17,attn,302,-2.3743
17,attn,303,-1.9571
17,attn,304,-1.0195
17,attn,305,-0.2754
17,attn,306,-0.0555
17,attn,307,0.0381
17,attn,308,0.2647
17,attn,309,0.0039
17,attn,310,-0.5903
17,attn,311,-2.5175
17,attn,312,-0.8951
17,attn,313,0.0227
17,attn,314,-0.1487
17,attn,315,-0.7762
17,attn,316,-0.3809
17,attn,317,-0.0713
17,attn,318,-1.0363
17,attn,319,-0.3159
17,attn,320,-1.2347
17,attn,321,-1.122
17,attn,322,-0.3561
17,attn,323,-0.9631
18,mlp,0,-1.1309
18,mlp,1,-0.1926
18,mlp,2,-0.4092
18,mlp,3,-0.2145
18,mlp,4,0.4293
18,mlp,5,-0.5257
18,mlp,6,-0.1147
18,mlp,7,0.099
18,mlp,8,0.1613
18,mlp,9,-0.4854
18,mlp,10,0.171
18,mlp,11,1.1789
18,mlp,12,0.162
18,mlp,13,0.0287
18,mlp,14,0.1403
18,mlp,15,-0.2347
18,mlp,16,-0.4373
18,mlp,17,0.3224
18,mlp,18,0.42
18,mlp,19,0.9221
18,mlp,20,0.1579
18,mlp,21,0.2912
18,mlp,22,0.0041
18,mlp,23,0.1557
18,mlp,24,-0.0001
18,mlp,25,0.7345
18,mlp,26,-0.2794
18,mlp,27,0.3414
18,mlp,28,0.3326
18,mlp,29,0.1043
18,mlp,30,0.2037
18,mlp,31,0.2304
18,mlp,32,-0.2666
18,mlp,33,-0.0803
18,mlp,34,1.6386
18,mlp,35,0.1458
18,mlp,36,-0.4788
18,mlp,37,0.2134
18,mlp,38,0.0717
18,mlp,39,0.217
18,mlp,40,1.7581
18,mlp,41,1.1141
18,mlp,42,-0.6702
18,mlp,43,0.108
18,mlp,44,-0.0668
18,mlp,45,-0.0781
18,mlp,46,0.9628
18,mlp,47,0.8804
18,mlp,48,0.1317
18,mlp,49,0.2779
18,mlp,50,0.7216
18,mlp,51,0.1812
18,mlp,52,-0.0546
18,mlp,53,0.0042
18,mlp,54,0.2412
18,mlp,55,0.8752
18,mlp,56,0.5476
18,mlp,57,0.1723
18,mlp,58,0.3621
18,mlp,59,0.9193
18,mlp,60,0.2196
18,mlp,61,0.545
18,mlp,62,0.1439
18,mlp,63,0.3481
18,mlp,64,0.8578
18,mlp,65,0.4715
18,mlp,66,-0.3297
18,mlp,67,-0.0736
18,mlp,68,1.1952
18,mlp,69,0.414
18,mlp,70,0.3184
18,mlp,71,0.3978
18,mlp,72,0.9533
18,mlp,73,0.2866
18,mlp,74,0.6544
18,mlp,75,0.3466
18,mlp,76,0.4949
18,mlp,77,-1.8163
18,mlp,78,0.3391
18,mlp,79,0.1539
18,mlp,80,-0.6263
18,mlp,81,0.1806
18,mlp,82,0.0691
18,mlp,83,-0.3763
18,mlp,84,0.058
18,mlp,85,0.7041
18,mlp,86,0.0531
18,mlp,87,0.5796
18,mlp,88,0.683
18,mlp,89,0.2883
18,mlp,90,0.073
18,mlp,91,0.1774
18,mlp,92,0.2104
18,mlp,93,0.7825
18,mlp,94,0.1653
18,mlp,95,0.1282
18,mlp,96,0.0081
18,mlp,97,-0.169
18,mlp,98,0.2967
18,mlp,99,-0.2065
18,mlp,100,-0.6536
18,mlp,101,0.2305
18,mlp,102,0.4631
18,mlp,103,-0.006
18,mlp,104,0.3564
18,mlp,105,0.3296
18,mlp,106,1.3426
18,mlp,107,1.0191
18,mlp,108,-0.4036
18,mlp,109,0.0398
18,mlp,110,0.0173
18,mlp,111,0.5155
18,mlp,112,0.0917
18,mlp,113,0.1558
18,mlp,114,0.1941
18,mlp,115,0.4445
18,mlp,116,-0.292
18,mlp,117,0.6773
18,mlp,118,-0.4558
18,mlp,119,0.3895
18,mlp,120,-0.0712
18,mlp,121,0.1884
18,mlp,122,0.6008
18,mlp,123,0.2069
18,mlp,124,1.7162
18,mlp,125,1.4276
18,mlp,126,-0.1357
18,mlp,127,2.3101
18,mlp,128,0.9373
18,mlp,129,0.1247
18,mlp,130,0.2783
18,mlp,131,0.0277
18,mlp,132,-0.1001
18,mlp,133,0.2143
18,mlp,134,0.1584
18,mlp,135,0.0928
18,mlp,136,-0.054
18,mlp,137,0.1535
18,mlp,138,0.9946
18,mlp,139,1.0872
18,mlp,140,-0.0436
18,mlp,141,-0.1291
18,mlp,142,0.2202
18,mlp,143,0.2839
18,mlp,144,0.5887
18,mlp,145,-0.0055
18,mlp,146,0.7344
18,mlp,147,-0.4237
18,mlp,148,-0.1293
18,mlp,149,0.6348
18,mlp,150,0.3368
18,mlp,151,0.1679
18,mlp,152,-0.1086
18,mlp,153,0.5687
18,mlp,154,0.7224
18,mlp,155,0.1229
18,mlp,156,0.0454
18,mlp,157,0.501
18,mlp,158,0.1618
18,mlp,159,0.2465
18,mlp,160,0.7605
18,mlp,161,1.7833
18,mlp,162,0.3273
18,mlp,163,0.141
18,mlp,164,0.0662
18,mlp,165,0.7303
18,mlp,166,0.4164
18,mlp,167,-0.1223
18,mlp,168,0.2589
18,mlp,169,-0.1928
18,mlp,170,0.4181
18,mlp,171,-0.6457
18,mlp,172,0.5475
18,mlp,173,0.1256
18,mlp,174,1.4007
18,mlp,175,0.9083
18,mlp,176,-0.2444
18,mlp,177,-0.6655
18,mlp,178,-0.0584
18,mlp,179,-0.1364
18,mlp,180,-0.0601
18,mlp,181,0.5955
18,mlp,182,0.436
18,mlp,183,0.8177
18,mlp,184,-0.743
18,mlp,185,-0.0787
18,mlp,186,-0.9866
18,mlp,187,-0.9716
18,mlp,188,-0.2224
18,mlp,189,-1.4154
18,mlp,190,-0.6694
18,mlp,191,0.2585
18,mlp,192,0.1666
18,mlp,193,0.6038
18,mlp,194,1.4019
18,mlp,195,-0.4674
18,mlp,196,0.7381
18,mlp,197,0.444
18,mlp,198,0.7232
18,mlp,199,-0.1839
18,mlp,200,0.0309
18,mlp,201,0.3469
18,mlp,202,0.1674
18,mlp,203,0.3769
18,mlp,204,-0.7766
18,mlp,205,0.2013
18,mlp,206,-0.0177
18,mlp,207,1.1431
18,mlp,208,-0.3595
18,mlp,209,-0.014
18,mlp,210,-0.6422
18,mlp,211,0.006
18,mlp,212,0.2404
18,mlp,213,0.2377
18,mlp,214,0.0659
18,mlp,215,0.2214
18,mlp,216,-0.1451
18,mlp,217,0.022
18,mlp,218,-1.2173
18,mlp,219,0.6923
18,mlp,220,1.1616
18,mlp,221,0.198
18,mlp,222,0.0112
18,mlp,223,-0.1803
18,mlp,224,0.0854
18,mlp,225,-0.3369
18,mlp,226,0.0506
18,mlp,227,0.6459
18,mlp,228,0.0696
18,mlp,229,0.1229
18,mlp,230,0.1084
18,mlp,231,-0.032
18,mlp,232,0.0746
18,mlp,233,-0.4056
18,mlp,234,0.1742
18,mlp,235,0.1905
18,mlp,236,-0.0188
18,mlp,237,0.0896
18,mlp,238,0.2623
18,mlp,239,0.0089
18,mlp,240,0.2522
18,mlp,241,-0.4316
18,mlp,242,0.3481
18,mlp,243,0.3498
18,mlp,244,0.8062
18,mlp,245,0.3928
18,mlp,246,-0.2857
18,mlp,247,-0.0923
18,mlp,248,-0.3728
18,mlp,249,0.3551
18,mlp,250,0.13
18,mlp,251,-0.0229
18,mlp,252,-0.0884
18,mlp,253,0.2447
18,mlp,254,0.4888
18,mlp,255,0.4266
18,mlp,256,0.2218
18,mlp,257,0.3644
18,mlp,258,0.9268
18,mlp,259,0.3456
18,mlp,260,-0.7818
18,mlp,261,-0.1381
18,mlp,262,0.9516
18,mlp,263,-0.1334
18,mlp,264,-0.3399
18,mlp,265,-0.3543
18,mlp,266,-0.4639
18,mlp,267,-0.1449
18,mlp,268,0.3632
18,mlp,269,0.5542
18,mlp,270,0.0726
18,mlp,271,0.1888
18,mlp,272,-0.2485
18,mlp,273,-0.1806
18,mlp,274,-0.4179
18,mlp,275,0.5212
18,mlp,276,-0.0457
18,mlp,277,0.5778
18,mlp,278,0.7278
18,mlp,279,0.5575
18,mlp,280,0.817
18,mlp,281,0.5925
18,mlp,282,0.6246
18,mlp,283,-0.4219
18,mlp,284,1.3855
18,mlp,285,1.2365
18,mlp,286,-0.0811
18,mlp,287,0.1205
18,mlp,288,0.0453
18,mlp,289,-0.4088
18,mlp,290,-0.4686
18,mlp,291,0.2238
18,mlp,292,-0.059
18,mlp,293,0.7376
18,mlp,294,0.1607
18,mlp,295,-0.0083
18,mlp,296,-0.2281
18,mlp,297,-0.2087
18,mlp,298,0.1248
18,mlp,299,0.1802
18,mlp,300,0.631
18,mlp,301,0.8372
18,mlp,302,0.0905
18,mlp,303,0.8197
18,mlp,304,0.6337
18,mlp,305,-0.2288
18,mlp,306,-0.307
18,mlp,307,-0.4279
18,mlp,308,0.2858
18,mlp,309,1.0164
18,mlp,310,-0.6647
18,mlp,311,0.1697
18,mlp,312,0.0851
18,mlp,313,-0.1854
18,mlp,314,0.1899
18,mlp,315,1.2267
18,mlp,316,-0.2767
18,mlp,317,-0.7824
18,mlp,318,-0.8587
18,mlp,319,0.1278
18,mlp,320,0.3135
18,mlp,321,-0.4945
18,mlp,322,-0.3331
18,mlp,323,-0.2473
18,attn,0,0.4378
18,attn,1,-0.0232
18,attn,2,0.172
18,attn,3,-0.0056
18,attn,4,0.2652
18,attn,5,0.3126
18,attn,6,0.0535
18,attn,7,0.1049
18,attn,8,0.06
18,attn,9,0.1187
18,attn,10,0.0118
18,attn,11,0.0294
18,attn,12,0.012
18,attn,13,0.0317
18,attn,14,0.1038
18,attn,15,0.1387
18,attn,16,-0.3332
18,attn,17,-0.0171
18,attn,18,0.0918
18,attn,19,-0.1657
18,attn,20,0.0388
18,attn,21,0.0012
18,attn,22,0.041
18,attn,23,-0.025
18,attn,24,0.0521
18,attn,25,-0.1586
18,attn,26,0.084
18,attn,27,0.1319
18,attn,28,-0.0398
18,attn,29,0.089
18,attn,30,0.1605
18,attn,31,-0.0052
18,attn,32,0.0747
18,attn,33,0.1293
18,attn,34,0.3199
18,attn,35,0.0162
18,attn,36,0.2683
18,attn,37,0.0514
18,attn,38,0.0097
18,attn,39,0.1633
18,attn,40,-0.0001
18,attn,41,-0.3241
18,attn,42,0.11
18,attn,43,-0.0336
18,attn,44,0.0502
18,attn,45,0.0958
18,attn,46,-0.2023
18,attn,47,-0.1316
18,attn,48,0.179
18,attn,49,0.2491
18,attn,50,0.1065
18,attn,51,0.0429
18,attn,52,0.033
18,attn,53,-0.0373
18,attn,54,-0.2105
18,attn,55,-0.1862
18,attn,56,0.0169
18,attn,57,-0.0961
18,attn,58,0.1382
18,attn,59,0.1358
18,attn,60,0.5616
18,attn,61,-0.073
18,attn,62,-0.1697
18,attn,63,-0.0244
18,attn,64,-0.0805
18,attn,65,0.0859
18,attn,66,0.1043
18,attn,67,-0.0566
18,attn,68,-0.1428
18,attn,69,0.1074
18,attn,70,0.0406
18,attn,71,-0.2854
18,attn,72,-0.821
18,attn,73,0.2269
18,attn,74,0.1784
18,attn,75,-0.0414
18,attn,76,-0.0439
18,attn,77,0.41
18,attn,78,-0.0574
18,attn,79,0.1399
18,attn,80,-0.0956
18,attn,81,0.0636
18,attn,82,0.0588
18,attn,83,0.133
18,attn,84,0.0365
18,attn,85,0.1967
18,attn,86,-0.0583
18,attn,87,0.0474
18,attn,88,0.0389
18,attn,89,0.1263
18,attn,90,0.125
18,attn,91,0.139
18,attn,92,-0.1515
18,attn,93,-0.1768
18,attn,94,-0.0393
18,attn,95,0.0054
18,attn,96,0.1213
18,attn,97,-0.0507
18,attn,98,-0.1902
18,attn,99,-0.0672
18,attn,100,0.1859
18,attn,101,-0.023
18,attn,102,0.036
18,attn,103,-0.0286
18,attn,104,-0.0853
18,attn,105,0.0311
18,attn,106,-0.1808
18,attn,107,0.0246
18,attn,108,0.055
18,attn,109,-0.0462
18,attn,110,0.0574
18,attn,111,0.0455
18,attn,112,0.018
18,attn,113,-0.0709
18,attn,114,-0.0131
18,attn,115,0.0182
18,attn,116,0.2631
18,attn,117,0.103
18,attn,118,0.2357
18,attn,119,-0.0191
18,attn,120,0.184
18,attn,121,0.0896
18,attn,122,0.2055
18,attn,123,0.137
18,attn,124,0.071
18,attn,125,-0.0416
18,attn,126,-0.0107
18,attn,127,-0.3465
18,attn,128,-0.1478
18,attn,129,-0.0144
18,attn,130,-0.0233
18,attn,131,-0.1486
18,attn,132,0.0656
18,attn,133,0.1445
18,attn,134,0.1999
18,attn,135,0.0315
18,attn,136,0.0278
18,attn,137,0.0125
18,attn,138,-0.0815
18,attn,139,0.2331
18,attn,140,0.0551
18,attn,141,0.0875
18,attn,142,-0.0428
18,attn,143,0.0046
18,attn,144,-0.0398
18,attn,145,0.0493
18,attn,146,0.0247
18,attn,147,0.2022
18,attn,148,-0.1534
18,attn,149,-0.3383
18,attn,150,-0.2992
18,attn,151,0.0852
18,attn,152,-0.087
18,attn,153,0.0486
18,attn,154,0.0286
18,attn,155,0.0367
18,attn,156,0.0661
18,attn,157,-0.2163
18,attn,158,-0.0654
18,attn,159,-0.0778
18,attn,160,0.1005
18,attn,161,0.3148
18,attn,162,0.0807
18,attn,163,-0.0176
18,attn,164,-0.0124
18,attn,165,-0.0376
18,attn,166,-0.0298
18,attn,167,0.0321
18,attn,168,-0.0457
18,attn,169,-0.1373
18,attn,170,-0.0525
18,attn,171,0.8835
18,attn,172,-0.1498
18,attn,173,0.5308
18,attn,174,0.36
18,attn,175,0.1311
18,attn,176,0.1249
18,attn,177,0.0469
18,attn,178,0.0492
18,attn,179,0.0824
18,attn,180,-0.0009
18,attn,181,0.5112
18,attn,182,0.0385
18,attn,183,0.1662
18,attn,184,0.282
18,attn,185,0.7326
18,attn,186,-0.0955
18,attn,187,0.8461
18,attn,188,0.0862
18,attn,189,-0.0355
18,attn,190,0.3766
18,attn,191,-0.0303
18,attn,192,-0.0452
18,attn,193,0.0278
18,attn,194,-0.0082
18,attn,195,-1.0788
18,attn,196,0.2879
18,attn,197,0.0775
18,attn,198,0.2687
18,attn,199,-0.2287
18,attn,200,-0.0822
18,attn,201,0.0806
18,attn,202,0.0195
18,attn,203,-0.0183
18,attn,204,-0.7985
18,attn,205,0.0471
18,attn,206,0.0632
18,attn,207,0.137
18,attn,208,-0.1077
18,attn,209,0.0586
18,attn,210,0.0607
18,attn,211,-0.0297
18,attn,212,-0.1171
18,attn,213,0.1157
18,attn,214,0.0378
18,attn,215,-0.1242
18,attn,216,-0.1403
18,attn,217,-0.0542
18,attn,218,0.5174
18,attn,219,0.08
18,attn,220,-0.3177
18,attn,221,-0.2104
18,attn,222,0.256
18,attn,223,0.0713
18,attn,224,-0.0155
18,attn,225,0.0827
18,attn,226,-0.0232
18,attn,227,0.019
18,attn,228,0.1351
18,attn,229,0.0896
18,attn,230,0.0822
18,attn,231,0.3558
18,attn,232,0.0838
18,attn,233,0.3962
18,attn,234,0.0264
18,attn,235,-0.1933
18,attn,236,0.2316
18,attn,237,-0.0827
18,attn,238,-0.4862
18,attn,239,-0.1144
18,attn,240,0.0909
18,attn,241,0.0373
18,attn,242,0.6292
18,attn,243,-0.1163
18,attn,244,-0.607
18,attn,245,0.2098
18,attn,246,0.2001
18,attn,247,0.1724
18,attn,248,0.2895
18,attn,249,0.7052
18,attn,250,-0.086
18,attn,251,1.3021
18,attn,252,0.1516
18,attn,253,0.1354
18,attn,254,-0.07
18,attn,255,0.0429
18,attn,256,0.2416
18,attn,257,0.0158
18,attn,258,0.2995
18,attn,259,0.3563
18,attn,260,0.1741
18,attn,261,0.2496
18,attn,262,-0.1854
18,attn,263,0.037
18,attn,264,0.2682
18,attn,265,0.3552
18,attn,266,0.3949
18,attn,267,0.0873
18,attn,268,-0.0043
18,attn,269,-0.2852
18,attn,270,0.0014
18,attn,271,0.116
18,attn,272,0.0813
18,attn,273,0.0378
18,attn,274,-0.2237
18,attn,275,-0.2109
18,attn,276,-0.0229
18,attn,277,0.0936
18,attn,278,0.1519
18,attn,279,-0.1833
18,attn,280,-0.4337
18,attn,281,0.1138
18,attn,282,-0.1716
18,attn,283,0.1057
18,attn,284,-0.5076
18,attn,285,0.5886
18,attn,286,-0.1637
18,attn,287,0.4495
18,attn,288,0.1055
18,attn,289,0.2075
18,attn,290,0.1387
18,attn,291,-0.0064
18,attn,292,-0.1313
18,attn,293,0.0854
18,attn,294,-0.5441
18,attn,295,-0.2117
18,attn,296,0.0545
18,attn,297,0.1848
18,attn,298,-0.0614
18,attn,299,0.1457
18,attn,300,0.1053
18,attn,301,-0.0073
18,attn,302,-0.3918
18,attn,303,0.135
18,attn,304,0.098
18,attn,305,0.0776
18,attn,306,0.0939
18,attn,307,0.1924
18,attn,308,-0.0105
18,attn,309,0.5781
18,attn,310,-0.1544
18,attn,311,-0.0204
18,attn,312,0.3003
18,attn,313,0.3449
18,attn,314,0.0606
18,attn,315,-0.1297
18,attn,316,0.0553
18,attn,317,0.1572
18,attn,318,-0.0109
18,attn,319,0.3199
18,attn,320,0.2111
18,attn,321,0.5481
18,attn,322,0.373
18,attn,323,0.0164
